seq,mode,epoch,holdMs,sendStartMs,sendEndMs,unixMs,bundle,order,msgDelay
20000,0,50,150,1.35,6.52,1789623677909.4,0,forward,0
20001,0,50,150,151.35,152.70,1789623678059.4,0,forward,0
20002,0,50,150,301.35,303.01,1789623678209.4,0,forward,0
20003,0,50,150,451.35,453.13,1789623678359.4,0,forward,0
20004,0,50,150,601.35,602.73,1789623678509.4,0,forward,0
20005,0,50,150,751.38,752.49,1789623678659.4,0,forward,0
20006,0,50,150,901.35,902.51,1789623678809.4,0,forward,0
20007,0,50,150,1051.35,1052.91,1789623678959.4,0,forward,0
20008,0,50,150,1201.35,1202.18,1789623679109.4,0,forward,0
20009,0,50,150,1351.35,1352.27,1789623679259.4,0,forward,0
20010,0,50,150,1501.51,1502.51,1789623679409.5,0,forward,0
20011,0,50,150,1651.35,1652.05,1789623679559.4,0,forward,0
20012,0,50,150,1801.35,1802.41,1789623679709.4,0,forward,0
20013,0,50,150,1951.35,1952.10,1789623679859.4,0,forward,0
20014,0,50,150,2101.47,2102.12,1789623680009.5,0,forward,0
20015,0,50,150,2251.35,2252.46,1789623680159.4,0,forward,0
20016,0,50,150,2401.35,2401.85,1789623680309.4,0,forward,0
20017,0,50,150,2551.35,2552.09,1789623680459.4,0,forward,0
20018,0,50,150,2701.35,2702.50,1789623680609.4,0,forward,0
20019,0,50,150,2851.35,2851.95,1789623680759.4,0,forward,0
20020,0,50,150,3001.35,3002.23,1789623680909.4,0,forward,0
20021,0,50,150,3151.35,3152.06,1789623681059.4,0,forward,0
20022,0,50,150,3301.35,3302.68,1789623681209.4,0,forward,0
20023,0,50,150,3451.35,3452.35,1789623681359.4,0,forward,0
20024,0,50,150,3601.35,3602.25,1789623681509.4,0,forward,0
20025,0,50,150,3751.35,3752.40,1789623681659.4,0,forward,0
20026,0,50,150,3901.35,3902.29,1789623681809.4,0,forward,0
20027,0,50,150,4051.35,4052.21,1789623681959.4,0,forward,0
20028,0,50,150,4201.35,4202.23,1789623682109.4,0,forward,0
20029,0,50,150,4351.35,4352.57,1789623682259.4,0,forward,0
20030,0,50,150,4501.37,4502.36,1789623682409.4,0,forward,0
20031,0,50,150,4651.35,4652.26,1789623682559.4,0,forward,0
20032,0,50,150,4801.35,4802.19,1789623682709.4,0,forward,0
20033,0,50,150,4951.35,4952.15,1789623682859.4,0,forward,0
20034,0,50,150,5101.35,5102.33,1789623683009.4,0,forward,0
20035,0,50,150,5251.35,5252.33,1789623683159.4,0,forward,0
20036,0,50,150,5401.35,5402.29,1789623683309.4,0,forward,0
20037,0,50,150,5551.35,5552.15,1789623683459.4,0,forward,0
20038,0,50,150,5701.35,5702.38,1789623683609.4,0,forward,0
20039,0,50,150,5851.35,5852.23,1789623683759.4,0,forward,0
20040,0,50,150,6001.35,6001.99,1789623683909.4,0,forward,0
20041,0,50,150,6151.37,6152.44,1789623684059.4,0,forward,0
20042,0,50,150,6301.35,6302.29,1789623684209.4,0,forward,0
20043,0,50,150,6451.43,6452.58,1789623684359.4,0,forward,0
20044,0,50,150,6601.35,6602.74,1789623684509.4,0,forward,0
20045,0,50,150,6751.35,6752.24,1789623684659.4,0,forward,0
20046,0,50,150,6901.35,6902.26,1789623684809.4,0,forward,0
20047,0,50,150,7051.35,7052.22,1789623684959.4,0,forward,0
20048,0,50,150,7201.35,7202.39,1789623685109.4,0,forward,0
20049,0,50,150,7351.35,7352.40,1789623685259.4,0,forward,0
20050,0,50,150,7501.36,7502.35,1789623685409.4,0,forward,0
20051,0,50,150,7651.35,7652.53,1789623685559.4,0,forward,0
20052,0,50,150,7801.35,7802.51,1789623685709.4,0,forward,0
20053,0,50,150,7951.35,7952.28,1789623685859.4,0,forward,0
20054,0,50,150,8101.35,8102.55,1789623686009.4,0,forward,0
20055,0,50,150,8251.35,8252.27,1789623686159.4,0,forward,0
20056,0,50,150,8401.36,8402.61,1789623686309.4,0,forward,0
20057,0,50,150,8551.37,8551.98,1789623686459.4,0,forward,0
20058,0,50,150,8701.35,8702.09,1789623686609.4,0,forward,0
20059,0,50,150,8851.35,8852.02,1789623686759.4,0,forward,0
20060,0,50,150,9002.10,9002.96,1789623686910.1,0,forward,0
20061,0,50,150,9151.35,9152.47,1789623687059.4,0,forward,0
20062,0,50,150,9301.36,9302.19,1789623687209.4,0,forward,0
20063,0,50,150,9451.35,9452.97,1789623687359.4,0,forward,0
20064,0,50,150,9601.36,9602.58,1789623687509.4,0,forward,0
20065,0,50,150,9751.35,9752.27,1789623687659.4,0,forward,0
20066,0,50,150,9901.35,9902.15,1789623687809.4,0,forward,0
20067,0,50,150,10051.35,10052.31,1789623687959.4,0,forward,0
20068,0,50,150,10201.35,10202.10,1789623688109.4,0,forward,0
20069,0,50,150,10351.35,10352.37,1789623688259.4,0,forward,0
20070,0,50,150,10501.35,10502.94,1789623688409.4,0,forward,0
20071,0,50,150,10651.35,10652.17,1789623688559.4,0,forward,0
20072,0,50,150,10801.35,10802.10,1789623688709.4,0,forward,0
20073,0,50,150,10951.35,10952.25,1789623688859.4,0,forward,0
20074,0,50,150,11101.35,11102.25,1789623689009.4,0,forward,0
20075,0,50,150,11251.35,11252.11,1789623689159.4,0,forward,0
20076,0,50,150,11401.35,11402.33,1789623689309.4,0,forward,0
20077,0,50,150,11551.35,11552.29,1789623689459.4,0,forward,0
20078,0,50,150,11701.37,11702.48,1789623689609.4,0,forward,0
20079,0,50,150,11851.35,11852.17,1789623689759.4,0,forward,0
20080,0,50,150,12001.35,12002.31,1789623689909.4,0,forward,0
20081,0,50,150,12151.35,12152.09,1789623690059.4,0,forward,0
20082,0,50,150,12301.35,12302.31,1789623690209.4,0,forward,0
20083,0,50,150,12451.35,12452.37,1789623690359.4,0,forward,0
20084,0,50,150,12601.35,12602.23,1789623690509.4,0,forward,0
20085,0,50,150,12751.35,12752.03,1789623690659.4,0,forward,0
20086,0,50,150,12901.44,12902.27,1789623690809.4,0,forward,0
20087,0,50,150,13051.35,13052.14,1789623690959.4,0,forward,0
20088,0,50,150,13201.35,13202.34,1789623691109.4,0,forward,0
20089,0,50,150,13351.38,13352.12,1789623691259.4,0,forward,0
20090,0,50,150,13501.35,13502.27,1789623691409.4,0,forward,0
20091,0,50,150,13651.35,13652.09,1789623691559.4,0,forward,0
20092,0,50,150,13801.88,13802.69,1789623691709.9,0,forward,0
20093,0,50,150,13951.35,13952.31,1789623691859.4,0,forward,0
20094,0,50,150,14101.35,14102.14,1789623692009.4,0,forward,0
20095,0,50,150,14251.35,14252.31,1789623692159.4,0,forward,0
20096,0,50,150,14401.35,14402.06,1789623692309.4,0,forward,0
20097,0,50,150,14551.35,14552.03,1789623692459.4,0,forward,0
20098,0,50,150,14701.35,14702.17,1789623692609.4,0,forward,0
20099,0,50,150,14851.35,14852.18,1789623692759.4,0,forward,0
20100,0,50,150,14852.30,14853.38,1789623692760.3,0,forward,0
20101,0,50,150,15002.30,15003.17,1789623692910.3,0,forward,0
20102,0,50,150,15152.30,15153.23,1789623693060.3,0,forward,0
20103,0,50,150,15302.30,15303.45,1789623693210.3,0,forward,0
20104,0,50,150,15452.35,15453.52,1789623693360.3,0,forward,0
20105,0,50,150,15602.30,15603.38,1789623693510.3,0,forward,0
20106,0,50,150,15752.30,15753.43,1789623693660.3,0,forward,0
20107,0,50,150,15902.30,15903.05,1789623693810.3,0,forward,0
20108,0,50,150,16052.30,16053.04,1789623693960.3,0,forward,0
20109,0,50,150,16202.30,16203.28,1789623694110.3,0,forward,0
20110,0,50,150,16352.30,16353.15,1789623694260.3,0,forward,0
20111,0,50,150,16502.43,16503.05,1789623694410.4,0,forward,0
20112,0,50,150,16652.30,16653.24,1789623694560.3,0,forward,0
20113,0,50,150,16802.30,16803.03,1789623694710.3,0,forward,0
20114,0,50,150,16952.30,16953.03,1789623694860.3,0,forward,0
20115,0,50,150,17102.30,17103.22,1789623695010.3,0,forward,0
20116,0,50,150,17252.30,17252.90,1789623695160.3,0,forward,0
20117,0,50,150,17402.30,17403.03,1789623695310.3,0,forward,0
20118,0,50,150,17553.53,17554.17,1789623695461.5,0,forward,0
20119,0,50,150,17702.30,17703.11,1789623695610.3,0,forward,0
20120,0,50,150,17852.30,17852.91,1789623695760.3,0,forward,0
20121,0,50,150,18002.30,18003.29,1789623695910.3,0,forward,0
20122,0,50,150,18152.30,18153.02,1789623696060.3,0,forward,0
20123,0,50,150,18302.30,18303.15,1789623696210.3,0,forward,0
20124,0,50,150,18452.38,18453.07,1789623696360.4,0,forward,0
20125,0,50,150,18602.30,18603.04,1789623696510.3,0,forward,0
20126,0,50,150,18752.30,18753.09,1789623696660.3,0,forward,0
20127,0,50,150,18902.45,18903.01,1789623696810.5,0,forward,0
20128,0,50,150,19052.30,19053.17,1789623696960.3,0,forward,0
20129,0,50,150,19202.30,19203.28,1789623697110.3,0,forward,0
20130,0,50,150,19352.30,19353.20,1789623697260.3,0,forward,0
20131,0,50,150,19502.30,19503.08,1789623697410.3,0,forward,0
20132,0,50,150,19652.51,19653.39,1789623697560.5,0,forward,0
20133,0,50,150,19803.13,19803.85,1789623697711.1,0,forward,0
20134,0,50,150,19952.30,19953.10,1789623697860.3,0,forward,0
20135,0,50,150,20102.30,20103.39,1789623698010.3,0,forward,0
20136,0,50,150,20252.30,20253.11,1789623698160.3,0,forward,0
20137,0,50,150,20402.30,20402.98,1789623698310.3,0,forward,0
20138,0,50,150,20552.30,20552.95,1789623698460.3,0,forward,0
20139,0,50,150,20702.30,20703.04,1789623698610.3,0,forward,0
20140,0,50,150,20853.06,20853.65,1789623698761.1,0,forward,0
20141,0,50,150,21002.30,21003.08,1789623698910.3,0,forward,0
20142,0,50,150,21152.30,21153.00,1789623699060.3,0,forward,0
20143,0,50,150,21302.30,21303.02,1789623699210.3,0,forward,0
20144,0,50,150,21452.30,21453.28,1789623699360.3,0,forward,0
20145,0,50,150,21602.30,21603.10,1789623699510.3,0,forward,0
20146,0,50,150,21752.30,21753.08,1789623699660.3,0,forward,0
20147,0,50,150,21902.30,21903.07,1789623699810.3,0,forward,0
20148,0,50,150,22052.30,22053.08,1789623699960.3,0,forward,0
20149,0,50,150,22202.30,22203.10,1789623700110.3,0,forward,0
20150,0,50,150,22352.30,22352.79,1789623700260.3,0,forward,0
20151,0,50,150,22502.30,22503.04,1789623700410.3,0,forward,0
20152,0,50,150,22652.30,22653.27,1789623700560.3,0,forward,0
20153,0,50,150,22803.09,22803.87,1789623700711.1,0,forward,0
20154,0,50,150,22952.30,22953.25,1789623700860.3,0,forward,0
20155,0,50,150,23102.30,23102.97,1789623701010.3,0,forward,0
20156,0,50,150,23252.30,23253.05,1789623701160.3,0,forward,0
20157,0,50,150,23402.30,23403.08,1789623701310.3,0,forward,0
20158,0,50,150,23552.30,23552.97,1789623701460.3,0,forward,0
20159,0,50,150,23702.30,23703.07,1789623701610.3,0,forward,0
20160,0,50,150,23852.30,23853.02,1789623701760.3,0,forward,0
20161,0,50,150,24002.30,24003.03,1789623701910.3,0,forward,0
20162,0,50,150,24152.30,24153.02,1789623702060.3,0,forward,0
20163,0,50,150,24302.30,24303.04,1789623702210.3,0,forward,0
20164,0,50,150,24452.30,24453.06,1789623702360.3,0,forward,0
20165,0,50,150,24602.30,24603.16,1789623702510.3,0,forward,0
20166,0,50,150,24752.30,24752.91,1789623702660.3,0,forward,0
20167,0,50,150,24902.30,24902.87,1789623702810.3,0,forward,0
20168,0,50,150,25052.30,25052.80,1789623702960.3,0,forward,0
20169,0,50,150,25202.31,25202.79,1789623703110.3,0,forward,0
20170,0,50,150,25352.30,25353.02,1789623703260.3,0,forward,0
20171,0,50,150,25502.30,25502.78,1789623703410.3,0,forward,0
20172,0,50,150,25652.30,25652.91,1789623703560.3,0,forward,0
20173,0,50,150,25802.30,25802.97,1789623703710.3,0,forward,0
20174,0,50,150,25952.30,25952.78,1789623703860.3,0,forward,0
20175,0,50,150,26102.30,26102.79,1789623704010.3,0,forward,0
20176,0,50,150,26252.30,26252.85,1789623704160.3,0,forward,0
20177,0,50,150,26402.30,26402.81,1789623704310.3,0,forward,0
20178,0,50,150,26552.30,26552.84,1789623704460.3,0,forward,0
20179,0,50,150,26702.33,26702.84,1789623704610.3,0,forward,0
20180,0,50,150,26852.30,26852.94,1789623704760.3,0,forward,0
20181,0,50,150,27002.31,27002.86,1789623704910.3,0,forward,0
20182,0,50,150,27152.30,27152.68,1789623705060.3,0,forward,0
20183,0,50,150,27302.30,27302.84,1789623705210.3,0,forward,0
20184,0,50,150,27452.30,27453.15,1789623705360.3,0,forward,0
20185,0,50,150,27602.30,27603.05,1789623705510.3,0,forward,0
20186,0,50,150,27752.46,27753.00,1789623705660.5,0,forward,0
20187,0,50,150,27902.30,27902.85,1789623705810.3,0,forward,0
20188,0,50,150,28052.30,28052.93,1789623705960.3,0,forward,0
20189,0,50,150,28202.30,28202.87,1789623706110.3,0,forward,0
20190,0,50,150,28352.30,28352.82,1789623706260.3,0,forward,0
20191,0,50,150,28502.30,28502.83,1789623706410.3,0,forward,0
20192,0,50,150,28652.30,28652.86,1789623706560.3,0,forward,0
20193,0,50,150,28802.30,28802.88,1789623706710.3,0,forward,0
20194,0,50,150,28952.30,28952.86,1789623706860.3,0,forward,0
20195,0,50,150,29102.38,29102.88,1789623707010.4,0,forward,0
20196,0,50,150,29252.30,29252.78,1789623707160.3,0,forward,0
20197,0,50,150,29402.30,29402.79,1789623707310.3,0,forward,0
20198,0,50,150,29552.30,29552.86,1789623707460.3,0,forward,0
20199,0,50,150,29702.30,29702.86,1789623707610.3,0,forward,0
20200,0,50,150,29702.91,29703.36,1789623707610.9,0,forward,0
20201,0,50,150,29852.91,29853.43,1789623707760.9,0,forward,0
20202,0,50,150,30002.91,30003.45,1789623707910.9,0,forward,0
20203,0,50,150,30152.91,30153.51,1789623708060.9,0,forward,0
20204,0,50,150,30302.91,30303.41,1789623708210.9,0,forward,0
20205,0,50,150,30452.93,30453.46,1789623708360.9,0,forward,0
20206,0,50,150,30602.91,30603.45,1789623708510.9,0,forward,0
20207,0,50,150,30752.91,30753.25,1789623708660.9,0,forward,0
20208,0,50,150,30902.91,30903.47,1789623708810.9,0,forward,0
20209,0,50,150,31052.91,31053.36,1789623708960.9,0,forward,0
20210,0,50,150,31202.91,31203.46,1789623709110.9,0,forward,0
20211,0,50,150,31352.91,31353.39,1789623709260.9,0,forward,0
20212,0,50,150,31502.91,31503.54,1789623709410.9,0,forward,0
20213,0,50,150,31652.91,31653.39,1789623709560.9,0,forward,0
20214,0,50,150,31802.91,31803.66,1789623709710.9,0,forward,0
20215,0,50,150,31952.91,31953.51,1789623709860.9,0,forward,0
20216,0,50,150,32102.91,32103.76,1789623710010.9,0,forward,0
20217,0,50,150,32252.97,32253.61,1789623710161.0,0,forward,0
20218,0,50,150,32402.91,32403.30,1789623710310.9,0,forward,0
20219,0,50,150,32552.91,32553.42,1789623710460.9,0,forward,0
20220,0,50,150,32702.91,32703.48,1789623710610.9,0,forward,0
20221,0,50,150,32852.91,32853.44,1789623710760.9,0,forward,0
20222,0,50,150,33002.91,33003.55,1789623710910.9,0,forward,0
20223,0,50,150,33152.91,33153.45,1789623711060.9,0,forward,0
20224,0,50,150,33302.91,33303.48,1789623711210.9,0,forward,0
20225,0,50,150,33452.92,33453.45,1789623711360.9,0,forward,0
20226,0,50,150,33602.91,33603.44,1789623711510.9,0,forward,0
20227,0,50,150,33752.93,33753.42,1789623711660.9,0,forward,0
20228,0,50,150,33902.91,33903.59,1789623711810.9,0,forward,0
20229,0,50,150,34052.91,34053.36,1789623711960.9,0,forward,0
20230,0,50,150,34202.91,34203.53,1789623712110.9,0,forward,0
20231,0,50,150,34352.91,34353.52,1789623712260.9,0,forward,0
20232,0,50,150,34502.91,34503.48,1789623712410.9,0,forward,0
20233,0,50,150,34652.91,34653.54,1789623712560.9,0,forward,0
20234,0,50,150,34802.91,34803.55,1789623712710.9,0,forward,0
20235,0,50,150,34952.91,34953.42,1789623712860.9,0,forward,0
20236,0,50,150,35102.91,35103.46,1789623713010.9,0,forward,0
20237,0,50,150,35252.91,35253.46,1789623713160.9,0,forward,0
20238,0,50,150,35402.91,35403.42,1789623713310.9,0,forward,0
20239,0,50,150,35552.91,35553.46,1789623713460.9,0,forward,0
20240,0,50,150,35702.91,35703.46,1789623713610.9,0,forward,0
20241,0,50,150,35852.91,35853.46,1789623713760.9,0,forward,0
20242,0,50,150,36002.91,36003.47,1789623713910.9,0,forward,0
20243,0,50,150,36152.91,36153.52,1789623714060.9,0,forward,0
20244,0,50,150,36303.01,36303.43,1789623714211.0,0,forward,0
20245,0,50,150,36452.91,36453.50,1789623714360.9,0,forward,0
20246,0,50,150,36602.91,36603.48,1789623714510.9,0,forward,0
20247,0,50,150,36752.91,36753.42,1789623714660.9,0,forward,0
20248,0,50,150,36902.91,36903.44,1789623714810.9,0,forward,0
20249,0,50,150,37052.91,37053.41,1789623714960.9,0,forward,0
20250,0,50,150,37202.91,37203.52,1789623715110.9,0,forward,0
20251,0,50,150,37352.91,37353.30,1789623715260.9,0,forward,0
20252,0,50,150,37502.92,37503.41,1789623715410.9,0,forward,0
20253,0,50,150,37652.91,37653.39,1789623715560.9,0,forward,0
20254,0,50,150,37802.91,37803.39,1789623715710.9,0,forward,0
20255,0,50,150,37952.91,37953.48,1789623715860.9,0,forward,0
20256,0,50,150,38102.96,38103.49,1789623716011.0,0,forward,0
20257,0,50,150,38252.91,38253.52,1789623716160.9,0,forward,0
20258,0,50,150,38402.91,38403.46,1789623716310.9,0,forward,0
20259,0,50,150,38552.91,38553.44,1789623716460.9,0,forward,0
20260,0,50,150,38702.91,38703.37,1789623716610.9,0,forward,0
20261,0,50,150,38852.91,38853.47,1789623716760.9,0,forward,0
20262,0,50,150,39002.91,39003.43,1789623716910.9,0,forward,0
20263,0,50,150,39152.91,39153.49,1789623717060.9,0,forward,0
20264,0,50,150,39302.91,39303.38,1789623717210.9,0,forward,0
20265,0,50,150,39452.91,39453.52,1789623717360.9,0,forward,0
20266,0,50,150,39602.91,39603.46,1789623717510.9,0,forward,0
20267,0,50,150,39752.91,39753.46,1789623717660.9,0,forward,0
20268,0,50,150,39902.91,39903.53,1789623717810.9,0,forward,0
20269,0,50,150,40052.91,40053.41,1789623717960.9,0,forward,0
20270,0,50,150,40202.91,40203.40,1789623718110.9,0,forward,0
20271,0,50,150,40352.91,40353.40,1789623718260.9,0,forward,0
20272,0,50,150,40502.91,40503.36,1789623718410.9,0,forward,0
20273,0,50,150,40652.91,40653.41,1789623718560.9,0,forward,0
20274,0,50,150,40802.91,40803.48,1789623718710.9,0,forward,0
20275,0,50,150,40952.91,40953.67,1789623718860.9,0,forward,0
20276,0,50,150,41102.91,41103.44,1789623719010.9,0,forward,0
20277,0,50,150,41252.91,41253.50,1789623719160.9,0,forward,0
20278,0,50,150,41402.91,41403.44,1789623719310.9,0,forward,0
20279,0,50,150,41552.91,41553.30,1789623719460.9,0,forward,0
20280,0,50,150,41702.91,41703.52,1789623719610.9,0,forward,0
20281,0,50,150,41852.91,41853.55,1789623719760.9,0,forward,0
20282,0,50,150,42003.02,42003.47,1789623719911.0,0,forward,0
20283,0,50,150,42152.91,42153.46,1789623720060.9,0,forward,0
20284,0,50,150,42302.91,42303.63,1789623720210.9,0,forward,0
20285,0,50,150,42452.91,42453.46,1789623720360.9,0,forward,0
20286,0,50,150,42602.91,42603.44,1789623720510.9,0,forward,0
20287,0,50,150,42753.01,42753.62,1789623720661.0,0,forward,0
20288,0,50,150,42902.91,42903.52,1789623720810.9,0,forward,0
20289,0,50,150,43053.04,43053.62,1789623720961.0,0,forward,0
20290,0,50,150,43202.97,43203.34,1789623721111.0,0,forward,0
20291,0,50,150,43352.91,43353.33,1789623721260.9,0,forward,0
20292,0,50,150,43502.91,43503.39,1789623721410.9,0,forward,0
20293,0,50,150,43652.91,43653.42,1789623721560.9,0,forward,0
20294,0,50,150,43802.91,43803.41,1789623721710.9,0,forward,0
20295,0,50,150,43952.91,43953.26,1789623721860.9,0,forward,0
20296,0,50,150,44102.91,44103.37,1789623722010.9,0,forward,0
20297,0,50,150,44252.91,44253.39,1789623722160.9,0,forward,0
20298,0,50,150,44402.91,44403.41,1789623722310.9,0,forward,0
20299,0,50,150,44552.91,44553.46,1789623722460.9,0,forward,0
20300,0,50,150,44553.52,44554.12,1789623722461.5,0,forward,0
20301,0,50,150,44703.52,44703.99,1789623722611.5,0,forward,0
20302,0,50,150,44853.52,44854.06,1789623722761.5,0,forward,0
20303,0,50,150,45003.55,45004.04,1789623722911.5,0,forward,0
20304,0,50,150,45153.52,45154.00,1789623723061.5,0,forward,0
20305,0,50,150,45303.52,45304.10,1789623723211.5,0,forward,0
20306,0,50,150,45453.52,45454.14,1789623723361.5,0,forward,0
20307,0,50,150,45603.62,45604.16,1789623723511.6,0,forward,0
20308,0,50,150,45753.52,45754.05,1789623723661.5,0,forward,0
20309,0,50,150,45903.52,45904.17,1789623723811.5,0,forward,0
20310,0,50,150,46053.52,46054.04,1789623723961.5,0,forward,0
20311,0,50,150,46203.52,46204.06,1789623724111.5,0,forward,0
20312,0,50,150,46353.52,46354.32,1789623724261.5,0,forward,0
20313,0,50,150,46503.71,46504.18,1789623724411.7,0,forward,0
20314,0,50,150,46653.52,46654.09,1789623724561.5,0,forward,0
20315,0,50,150,46803.53,46804.12,1789623724711.5,0,forward,0
20316,0,50,150,46953.52,46954.25,1789623724861.5,0,forward,0
20317,0,50,150,47103.52,47104.14,1789623725011.5,0,forward,0
20318,0,50,150,47253.52,47254.22,1789623725161.5,0,forward,0
20319,0,50,150,47403.52,47404.51,1789623725311.5,0,forward,0
20320,0,50,150,47553.52,47554.11,1789623725461.5,0,forward,0
20321,0,50,150,47703.52,47704.16,1789623725611.5,0,forward,0
20322,0,50,150,47853.52,47854.10,1789623725761.5,0,forward,0
20323,0,50,150,48003.52,48004.25,1789623725911.5,0,forward,0
20324,0,50,150,48153.52,48154.07,1789623726061.5,0,forward,0
20325,0,50,150,48303.52,48304.17,1789623726211.5,0,forward,0
20326,0,50,150,48453.52,48454.34,1789623726361.5,0,forward,0
20327,0,50,150,48603.52,48604.23,1789623726511.5,0,forward,0
20328,0,50,150,48753.52,48754.31,1789623726661.5,0,forward,0
20329,0,50,150,48903.52,48904.25,1789623726811.5,0,forward,0
20330,0,50,150,49053.52,49054.15,1789623726961.5,0,forward,0
20331,0,50,150,49203.52,49204.43,1789623727111.5,0,forward,0
20332,0,50,150,49353.52,49354.24,1789623727261.5,0,forward,0
20333,0,50,150,49503.52,49504.10,1789623727411.5,0,forward,0
20334,0,50,150,49653.52,49654.16,1789623727561.5,0,forward,0
20335,0,50,150,49803.52,49804.08,1789623727711.5,0,forward,0
20336,0,50,150,49953.52,49954.05,1789623727861.5,0,forward,0
20337,0,50,150,50103.52,50104.06,1789623728011.5,0,forward,0
20338,0,50,150,50253.52,50254.19,1789623728161.5,0,forward,0
20339,0,50,150,50403.52,50404.00,1789623728311.5,0,forward,0
20340,0,50,150,50553.52,50554.11,1789623728461.5,0,forward,0
20341,0,50,150,50703.52,50704.04,1789623728611.5,0,forward,0
20342,0,50,150,50853.52,50854.03,1789623728761.5,0,forward,0
20343,0,50,150,51003.52,51004.04,1789623728911.5,0,forward,0
20344,0,50,150,51153.52,51154.08,1789623729061.5,0,forward,0
20345,0,50,150,51303.52,51304.08,1789623729211.5,0,forward,0
20346,0,50,150,51453.53,51454.10,1789623729361.5,0,forward,0
20347,0,50,150,51603.52,51603.98,1789623729511.5,0,forward,0
20348,0,50,150,51753.52,51754.07,1789623729661.5,0,forward,0
20349,0,50,150,51903.52,51904.07,1789623729811.5,0,forward,0
20350,0,50,150,52053.53,52054.14,1789623729961.5,0,forward,0
20351,0,50,150,52203.52,52204.08,1789623730111.5,0,forward,0
20352,0,50,150,52353.62,52354.22,1789623730261.6,0,forward,0
20353,0,50,150,52503.52,52504.07,1789623730411.5,0,forward,0
20354,0,50,150,52653.52,52654.13,1789623730561.5,0,forward,0
20355,0,50,150,52803.52,52804.02,1789623730711.5,0,forward,0
20356,0,50,150,52953.52,52954.10,1789623730861.5,0,forward,0
20357,0,50,150,53103.52,53104.00,1789623731011.5,0,forward,0
20358,0,50,150,53253.52,53254.03,1789623731161.5,0,forward,0
20359,0,50,150,53403.52,53404.04,1789623731311.5,0,forward,0
20360,0,50,150,53553.52,53554.00,1789623731461.5,0,forward,0
20361,0,50,150,53703.52,53703.91,1789623731611.5,0,forward,0
20362,0,50,150,53853.52,53854.01,1789623731761.5,0,forward,0
20363,0,50,150,54003.52,54003.99,1789623731911.5,0,forward,0
20364,0,50,150,54153.52,54154.15,1789623732061.5,0,forward,0
20365,0,50,150,54303.52,54304.30,1789623732211.5,0,forward,0
20366,0,50,150,54453.52,54454.32,1789623732361.5,0,forward,0
20367,0,50,150,54603.52,54604.11,1789623732511.5,0,forward,0
20368,0,50,150,54753.52,54754.07,1789623732661.5,0,forward,0
20369,0,50,150,54903.67,54904.30,1789623732811.7,0,forward,0
20370,0,50,150,55053.52,55054.21,1789623732961.5,0,forward,0
20371,0,50,150,55203.52,55204.02,1789623733111.5,0,forward,0
20372,0,50,150,55353.52,55354.02,1789623733261.5,0,forward,0
20373,0,50,150,55503.52,55504.26,1789623733411.5,0,forward,0
20374,0,50,150,55653.52,55654.22,1789623733561.5,0,forward,0
20375,0,50,150,55803.52,55804.22,1789623733711.5,0,forward,0
20376,0,50,150,55953.52,55954.13,1789623733861.5,0,forward,0
20377,0,50,150,56103.52,56104.05,1789623734011.5,0,forward,0
20378,0,50,150,56253.52,56253.91,1789623734161.5,0,forward,0
20379,0,50,150,56403.52,56404.07,1789623734311.5,0,forward,0
20380,0,50,150,56553.52,56554.28,1789623734461.5,0,forward,0
20381,0,50,150,56703.52,56704.06,1789623734611.5,0,forward,0
20382,0,50,150,56853.52,56854.34,1789623734761.5,0,forward,0
20383,0,50,150,57003.52,57004.19,1789623734911.5,0,forward,0
20384,0,50,150,57153.52,57154.00,1789623735061.5,0,forward,0
20385,0,50,150,57303.52,57304.06,1789623735211.5,0,forward,0
20386,0,50,150,57453.52,57453.86,1789623735361.5,0,forward,0
20387,0,50,150,57603.52,57604.07,1789623735511.5,0,forward,0
20388,0,50,150,57753.53,57754.01,1789623735661.5,0,forward,0
20389,0,50,150,57903.52,57904.08,1789623735811.5,0,forward,0
20390,0,50,150,58053.52,58054.22,1789623735961.5,0,forward,0
20391,0,50,150,58203.55,58204.06,1789623736111.6,0,forward,0
20392,0,50,150,58353.52,58354.07,1789623736261.5,0,forward,0
20393,0,50,150,58503.52,58503.96,1789623736411.5,0,forward,0
20394,0,50,150,58653.52,58653.97,1789623736561.5,0,forward,0
20395,0,50,150,58803.52,58804.10,1789623736711.5,0,forward,0
20396,0,50,150,58953.52,58954.19,1789623736861.5,0,forward,0
20397,0,50,150,59103.52,59104.01,1789623737011.5,0,forward,0
20398,0,50,150,59253.52,59254.14,1789623737161.5,0,forward,0
20399,0,50,150,59403.52,59404.05,1789623737311.5,0,forward,0
20400,0,50,150,59404.10,59404.65,1789623737312.1,0,forward,0
20401,0,50,150,59554.17,59554.73,1789623737462.2,0,forward,0
20402,0,50,150,59704.10,59704.61,1789623737612.1,0,forward,0
20403,0,50,150,59854.10,59854.52,1789623737762.1,0,forward,0
20404,0,50,150,60004.10,60004.60,1789623737912.1,0,forward,0
20405,0,50,150,60154.16,60154.72,1789623738062.2,0,forward,0
20406,0,50,150,60304.10,60304.56,1789623738212.1,0,forward,0
20407,0,50,150,60454.10,60454.57,1789623738362.1,0,forward,0
20408,0,50,150,60604.10,60604.58,1789623738512.1,0,forward,0
20409,0,50,150,60754.10,60754.60,1789623738662.1,0,forward,0
20410,0,50,150,60904.10,60904.66,1789623738812.1,0,forward,0
20411,0,50,150,61055.14,61055.72,1789623738963.1,0,forward,0
20412,0,50,150,61204.12,61204.62,1789623739112.1,0,forward,0
20413,0,50,150,61354.10,61354.65,1789623739262.1,0,forward,0
20414,0,50,150,61504.10,61504.61,1789623739412.1,0,forward,0
20415,0,50,150,61654.10,61654.59,1789623739562.1,0,forward,0
20416,0,50,150,61804.10,61804.59,1789623739712.1,0,forward,0
20417,0,50,150,61954.10,61954.66,1789623739862.1,0,forward,0
20418,0,50,150,62104.10,62104.56,1789623740012.1,0,forward,0
20419,0,50,150,62254.10,62254.63,1789623740162.1,0,forward,0
20420,0,50,150,62404.10,62404.63,1789623740312.1,0,forward,0
20421,0,50,150,62554.10,62554.67,1789623740462.1,0,forward,0
20422,0,50,150,62704.10,62704.55,1789623740612.1,0,forward,0
20423,0,50,150,62854.10,62854.57,1789623740762.1,0,forward,0
20424,0,50,150,63004.10,63004.59,1789623740912.1,0,forward,0
20425,0,50,150,63154.10,63154.60,1789623741062.1,0,forward,0
20426,0,50,150,63304.10,63304.64,1789623741212.1,0,forward,0
20427,0,50,150,63454.10,63454.68,1789623741362.1,0,forward,0
20428,0,50,150,63604.10,63604.61,1789623741512.1,0,forward,0
20429,0,50,150,63754.11,63754.64,1789623741662.1,0,forward,0
20430,0,50,150,63904.10,63904.63,1789623741812.1,0,forward,0
20431,0,50,150,64054.10,64054.64,1789623741962.1,0,forward,0
20432,0,50,150,64204.10,64204.59,1789623742112.1,0,forward,0
20433,0,50,150,64354.10,64354.61,1789623742262.1,0,forward,0
20434,0,50,150,64504.15,64504.75,1789623742412.1,0,forward,0
20435,0,50,150,64654.10,64654.59,1789623742562.1,0,forward,0
20436,0,50,150,64804.10,64804.66,1789623742712.1,0,forward,0
20437,0,50,150,64954.10,64954.60,1789623742862.1,0,forward,0
20438,0,50,150,65104.10,65104.61,1789623743012.1,0,forward,0
20439,0,50,150,65254.10,65254.62,1789623743162.1,0,forward,0
20440,0,50,150,65404.10,65404.57,1789623743312.1,0,forward,0
20441,0,50,150,65554.10,65554.97,1789623743462.1,0,forward,0
20442,0,50,150,65704.10,65704.60,1789623743612.1,0,forward,0
20443,0,50,150,65854.11,65854.68,1789623743762.1,0,forward,0
20444,0,50,150,66004.10,66004.67,1789623743912.1,0,forward,0
20445,0,50,150,66154.10,66154.65,1789623744062.1,0,forward,0
20446,0,50,150,66304.10,66304.58,1789623744212.1,0,forward,0
20447,0,50,150,66454.10,66454.75,1789623744362.1,0,forward,0
20448,0,50,150,66604.10,66604.63,1789623744512.1,0,forward,0
20449,0,50,150,66755.17,66755.61,1789623744663.2,0,forward,0
20450,0,50,150,66904.10,66904.60,1789623744812.1,0,forward,0
20451,0,50,150,67054.10,67054.56,1789623744962.1,0,forward,0
20452,0,50,150,67204.10,67204.68,1789623745112.1,0,forward,0
20453,0,50,150,67354.10,67354.67,1789623745262.1,0,forward,0
20454,0,50,150,67504.10,67504.70,1789623745412.1,0,forward,0
20455,0,50,150,67654.10,67654.76,1789623745562.1,0,forward,0
20456,0,50,150,67804.10,67804.68,1789623745712.1,0,forward,0
20457,0,50,150,67954.16,67954.74,1789623745862.2,0,forward,0
20458,0,50,150,68104.10,68104.68,1789623746012.1,0,forward,0
20459,0,50,150,68254.10,68254.70,1789623746162.1,0,forward,0
20460,0,50,150,68404.10,68404.54,1789623746312.1,0,forward,0
20461,0,50,150,68554.10,68554.55,1789623746462.1,0,forward,0
20462,0,50,150,68704.10,68704.55,1789623746612.1,0,forward,0
20463,0,50,150,68854.10,68854.56,1789623746762.1,0,forward,0
20464,0,50,150,69004.10,69004.65,1789623746912.1,0,forward,0
20465,0,50,150,69154.10,69154.64,1789623747062.1,0,forward,0
20466,0,50,150,69304.10,69304.61,1789623747212.1,0,forward,0
20467,0,50,150,69454.10,69454.61,1789623747362.1,0,forward,0
20468,0,50,150,69604.16,69604.60,1789623747512.2,0,forward,0
20469,0,50,150,69754.10,69754.51,1789623747662.1,0,forward,0
20470,0,50,150,69904.10,69904.68,1789623747812.1,0,forward,0
20471,0,50,150,70054.10,70054.63,1789623747962.1,0,forward,0
20472,0,50,150,70204.10,70204.81,1789623748112.1,0,forward,0
20473,0,50,150,70354.11,70354.60,1789623748262.1,0,forward,0
20474,0,50,150,70504.10,70504.66,1789623748412.1,0,forward,0
20475,0,50,150,70654.10,70654.60,1789623748562.1,0,forward,0
20476,0,50,150,70804.10,70804.65,1789623748712.1,0,forward,0
20477,0,50,150,70954.10,70954.56,1789623748862.1,0,forward,0
20478,0,50,150,71104.10,71104.65,1789623749012.1,0,forward,0
20479,0,50,150,71254.10,71254.47,1789623749162.1,0,forward,0
20480,0,50,150,71404.10,71404.63,1789623749312.1,0,forward,0
20481,0,50,150,71554.10,71554.60,1789623749462.1,0,forward,0
20482,0,50,150,71704.10,71704.59,1789623749612.1,0,forward,0
20483,0,50,150,71854.10,71854.62,1789623749762.1,0,forward,0
20484,0,50,150,72004.10,72004.65,1789623749912.1,0,forward,0
20485,0,50,150,72154.10,72154.53,1789623750062.1,0,forward,0
20486,0,50,150,72304.10,72304.60,1789623750212.1,0,forward,0
20487,0,50,150,72454.10,72454.66,1789623750362.1,0,forward,0
20488,0,50,150,72604.10,72604.73,1789623750512.1,0,forward,0
20489,0,50,150,72754.10,72754.55,1789623750662.1,0,forward,0
20490,0,50,150,72904.10,72904.61,1789623750812.1,0,forward,0
20491,0,50,150,73054.10,73054.61,1789623750962.1,0,forward,0
20492,0,50,150,73204.10,73204.56,1789623751112.1,0,forward,0
20493,0,50,150,73354.10,73354.51,1789623751262.1,0,forward,0
20494,0,50,150,73504.10,73504.55,1789623751412.1,0,forward,0
20495,0,50,150,73654.10,73654.58,1789623751562.1,0,forward,0
20496,0,50,150,73804.10,73804.72,1789623751712.1,0,forward,0
20497,0,50,150,73954.10,73954.47,1789623751862.1,0,forward,0
20498,0,50,150,74104.10,74104.61,1789623752012.1,0,forward,0
20499,0,50,150,74254.10,74254.58,1789623752162.1,0,forward,0
20500,0,50,150,74254.63,74255.07,1789623752162.6,0,forward,0
20501,0,50,150,74404.63,74405.14,1789623752312.6,0,forward,0
20502,0,50,150,74554.63,74555.13,1789623752462.6,0,forward,0
20503,0,50,150,74704.66,74705.08,1789623752612.7,0,forward,0
20504,0,50,150,74854.63,74855.07,1789623752762.6,0,forward,0
20505,0,50,150,75004.63,75004.95,1789623752912.6,0,forward,0
20506,0,50,150,75154.63,75155.12,1789623753062.6,0,forward,0
20507,0,50,150,75304.63,75305.09,1789623753212.6,0,forward,0
20508,0,50,150,75454.63,75455.09,1789623753362.6,0,forward,0
20509,0,50,150,75604.63,75605.18,1789623753512.6,0,forward,0
20510,0,50,150,75754.63,75755.21,1789623753662.6,0,forward,0
20511,0,50,150,75904.63,75905.15,1789623753812.6,0,forward,0
20512,0,50,150,76054.63,76055.16,1789623753962.6,0,forward,0
20513,0,50,150,76204.63,76205.24,1789623754112.6,0,forward,0
20514,0,50,150,76354.63,76355.29,1789623754262.6,0,forward,0
20515,0,50,150,76504.63,76505.40,1789623754412.6,0,forward,0
20516,0,50,150,76654.63,76655.12,1789623754562.6,0,forward,0
20517,0,50,150,76804.64,76805.23,1789623754712.6,0,forward,0
20518,0,50,150,76954.63,76955.22,1789623754862.6,0,forward,0
20519,0,50,150,77104.63,77105.17,1789623755012.6,0,forward,0
20520,0,50,150,77254.63,77255.16,1789623755162.6,0,forward,0
20521,0,50,150,77404.63,77405.16,1789623755312.6,0,forward,0
20522,0,50,150,77554.63,77555.14,1789623755462.6,0,forward,0
20523,0,50,150,77704.63,77705.07,1789623755612.6,0,forward,0
20524,0,50,150,77854.63,77855.48,1789623755762.6,0,forward,0
20525,0,50,150,78004.63,78004.97,1789623755912.6,0,forward,0
20526,0,50,150,78154.63,78155.10,1789623756062.6,0,forward,0
20527,0,50,150,78304.63,78305.03,1789623756212.6,0,forward,0
20528,0,50,150,78454.63,78455.07,1789623756362.6,0,forward,0
20529,0,50,150,78604.63,78604.99,1789623756512.6,0,forward,0
20530,0,50,150,78754.63,78755.04,1789623756662.6,0,forward,0
20531,0,50,150,78904.63,78905.04,1789623756812.6,0,forward,0
20532,0,50,150,79054.63,79055.16,1789623756962.6,0,forward,0
20533,0,50,150,79204.63,79205.13,1789623757112.6,0,forward,0
20534,0,50,150,79354.63,79355.15,1789623757262.6,0,forward,0
20535,0,50,150,79504.63,79505.05,1789623757412.6,0,forward,0
20536,0,50,150,79654.63,79655.08,1789623757562.6,0,forward,0
20537,0,50,150,79804.63,79805.13,1789623757712.6,0,forward,0
20538,0,50,150,79954.63,79955.18,1789623757862.6,0,forward,0
20539,0,50,150,80104.63,80105.20,1789623758012.6,0,forward,0
20540,0,50,150,80254.63,80255.14,1789623758162.6,0,forward,0
20541,0,50,150,80404.63,80405.18,1789623758312.6,0,forward,0
20542,0,50,150,80554.63,80555.14,1789623758462.6,0,forward,0
20543,0,50,150,80704.63,80705.14,1789623758612.6,0,forward,0
20544,0,50,150,80854.63,80855.17,1789623758762.6,0,forward,0
20545,0,50,150,81004.63,81005.17,1789623758912.6,0,forward,0
20546,0,50,150,81154.63,81155.12,1789623759062.6,0,forward,0
20547,0,50,150,81304.63,81305.19,1789623759212.6,0,forward,0
20548,0,50,150,81454.63,81455.10,1789623759362.6,0,forward,0
20549,0,50,150,81604.63,81605.14,1789623759512.6,0,forward,0
20550,0,50,150,81754.63,81755.13,1789623759662.6,0,forward,0
20551,0,50,150,81904.63,81905.23,1789623759812.6,0,forward,0
20552,0,50,150,82054.63,82055.16,1789623759962.6,0,forward,0
20553,0,50,150,82204.63,82205.06,1789623760112.6,0,forward,0
20554,0,50,150,82354.63,82355.14,1789623760262.6,0,forward,0
20555,0,50,150,82504.63,82505.04,1789623760412.6,0,forward,0
20556,0,50,150,82654.63,82655.12,1789623760562.6,0,forward,0
20557,0,50,150,82804.63,82805.17,1789623760712.6,0,forward,0
20558,0,50,150,82954.63,82955.16,1789623760862.6,0,forward,0
20559,0,50,150,83104.63,83105.11,1789623761012.6,0,forward,0
20560,0,50,150,83254.63,83255.14,1789623761162.6,0,forward,0
20561,0,50,150,83404.63,83405.14,1789623761312.6,0,forward,0
20562,0,50,150,83554.63,83554.98,1789623761462.6,0,forward,0
20563,0,50,150,83704.63,83705.13,1789623761612.6,0,forward,0
20564,0,50,150,83854.63,83854.96,1789623761762.6,0,forward,0
20565,0,50,150,84004.63,84005.10,1789623761912.6,0,forward,0
20566,0,50,150,84154.63,84155.12,1789623762062.6,0,forward,0
20567,0,50,150,84304.63,84305.21,1789623762212.6,0,forward,0
20568,0,50,150,84454.63,84455.14,1789623762362.6,0,forward,0
20569,0,50,150,84604.63,84605.16,1789623762512.6,0,forward,0
20570,0,50,150,84754.63,84755.04,1789623762662.6,0,forward,0
20571,0,50,150,84904.69,84905.13,1789623762812.7,0,forward,0
20572,0,50,150,85054.63,85055.10,1789623762962.6,0,forward,0
20573,0,50,150,85204.63,85205.12,1789623763112.6,0,forward,0
20574,0,50,150,85354.63,85355.20,1789623763262.6,0,forward,0
20575,0,50,150,85504.63,85504.99,1789623763412.6,0,forward,0
20576,0,50,150,85654.63,85655.21,1789623763562.6,0,forward,0
20577,0,50,150,85804.63,85805.16,1789623763712.6,0,forward,0
20578,0,50,150,85954.63,85955.15,1789623763862.6,0,forward,0
20579,0,50,150,86104.64,86105.35,1789623764012.6,0,forward,0
20580,0,50,150,86254.63,86255.14,1789623764162.6,0,forward,0
20581,0,50,150,86404.63,86405.27,1789623764312.6,0,forward,0
20582,0,50,150,86554.63,86555.41,1789623764462.6,0,forward,0
20583,0,50,150,86704.63,86705.28,1789623764612.6,0,forward,0
20584,0,50,150,86854.63,86855.14,1789623764762.6,0,forward,0
20585,0,50,150,87004.63,87005.13,1789623764912.6,0,forward,0
20586,0,50,150,87154.63,87155.17,1789623765062.6,0,forward,0
20587,0,50,150,87304.63,87305.21,1789623765212.6,0,forward,0
20588,0,50,150,87454.63,87455.41,1789623765362.6,0,forward,0
20589,0,50,150,87604.63,87605.16,1789623765512.6,0,forward,0
20590,0,50,150,87767.82,87770.76,1789623765675.8,0,forward,0
20591,0,50,150,87904.63,87905.22,1789623765812.6,0,forward,0
20592,0,50,150,88054.63,88055.11,1789623765962.6,0,forward,0
20593,0,50,150,88204.63,88205.06,1789623766112.6,0,forward,0
20594,0,50,150,88354.63,88355.06,1789623766262.6,0,forward,0
20595,0,50,150,88504.67,88505.12,1789623766412.7,0,forward,0
20596,0,50,150,88654.63,88655.15,1789623766562.6,0,forward,0
20597,0,50,150,88804.63,88805.23,1789623766712.6,0,forward,0
20598,0,50,150,88954.63,88955.19,1789623766862.6,0,forward,0
20599,0,50,150,89104.63,89105.23,1789623767012.6,0,forward,0
20600,0,50,150,89105.28,89105.76,1789623767013.3,0,forward,0
20601,0,50,150,89255.28,89255.78,1789623767163.3,0,forward,0
20602,0,50,150,89405.28,89405.83,1789623767313.3,0,forward,0
20603,0,50,150,89555.28,89555.84,1789623767463.3,0,forward,0
20604,0,50,150,89705.28,89705.82,1789623767613.3,0,forward,0
20605,0,50,150,89855.28,89855.82,1789623767763.3,0,forward,0
20606,0,50,150,90005.28,90005.77,1789623767913.3,0,forward,0
20607,0,50,150,90155.28,90155.75,1789623768063.3,0,forward,0
20608,0,50,150,90305.28,90305.89,1789623768213.3,0,forward,0
20609,0,50,150,90455.28,90455.75,1789623768363.3,0,forward,0
20610,0,50,150,90605.28,90605.69,1789623768513.3,0,forward,0
20611,0,50,150,90755.34,90755.85,1789623768663.3,0,forward,0
20612,0,50,150,90905.28,90905.75,1789623768813.3,0,forward,0
20613,0,50,150,91055.30,91055.88,1789623768963.3,0,forward,0
20614,0,50,150,91205.28,91205.78,1789623769113.3,0,forward,0
20615,0,50,150,91355.28,91355.72,1789623769263.3,0,forward,0
20616,0,50,150,91505.28,91505.79,1789623769413.3,0,forward,0
20617,0,50,150,91655.28,91655.78,1789623769563.3,0,forward,0
20618,0,50,150,91805.29,91805.87,1789623769713.3,0,forward,0
20619,0,50,150,91955.35,91955.91,1789623769863.3,0,forward,0
20620,0,50,150,92105.28,92105.82,1789623770013.3,0,forward,0
20621,0,50,150,92255.28,92255.70,1789623770163.3,0,forward,0
20622,0,50,150,92405.50,92405.99,1789623770313.5,0,forward,0
20623,0,50,150,92556.17,92556.59,1789623770464.2,0,forward,0
20624,0,50,150,92705.28,92705.75,1789623770613.3,0,forward,0
20625,0,50,150,92855.28,92855.60,1789623770763.3,0,forward,0
20626,0,50,150,93005.33,93005.70,1789623770913.3,0,forward,0
20627,0,50,150,93155.28,93155.75,1789623771063.3,0,forward,0
20628,0,50,150,93305.35,93305.86,1789623771213.4,0,forward,0
20629,0,50,150,93455.28,93455.76,1789623771363.3,0,forward,0
20630,0,50,150,93605.28,93605.80,1789623771513.3,0,forward,0
20631,0,50,150,93755.28,93755.87,1789623771663.3,0,forward,0
20632,0,50,150,93905.28,93905.67,1789623771813.3,0,forward,0
20633,0,50,150,94055.28,94055.76,1789623771963.3,0,forward,0
20634,0,50,150,94205.28,94205.77,1789623772113.3,0,forward,0
20635,0,50,150,94355.28,94355.90,1789623772263.3,0,forward,0
20636,0,50,150,94505.28,94505.95,1789623772413.3,0,forward,0
20637,0,50,150,94655.28,94655.75,1789623772563.3,0,forward,0
20638,0,50,150,94805.28,94805.74,1789623772713.3,0,forward,0
20639,0,50,150,94955.28,94955.98,1789623772863.3,0,forward,0
20640,0,50,150,95105.28,95106.07,1789623773013.3,0,forward,0
20641,0,50,150,95255.28,95255.77,1789623773163.3,0,forward,0
20642,0,50,150,95405.28,95405.81,1789623773313.3,0,forward,0
20643,0,50,150,95555.28,95555.67,1789623773463.3,0,forward,0
20644,0,50,150,95705.28,95705.75,1789623773613.3,0,forward,0
20645,0,50,150,95855.28,95855.90,1789623773763.3,0,forward,0
20646,0,50,150,96005.28,96005.88,1789623773913.3,0,forward,0
20647,0,50,150,96155.28,96155.71,1789623774063.3,0,forward,0
20648,0,50,150,96305.28,96305.74,1789623774213.3,0,forward,0
20649,0,50,150,96455.28,96455.86,1789623774363.3,0,forward,0
20650,0,50,150,96605.28,96605.81,1789623774513.3,0,forward,0
20651,0,50,150,96755.28,96755.84,1789623774663.3,0,forward,0
20652,0,50,150,96905.28,96905.90,1789623774813.3,0,forward,0
20653,0,50,150,97055.28,97055.98,1789623774963.3,0,forward,0
20654,0,50,150,97205.28,97205.75,1789623775113.3,0,forward,0
20655,0,50,150,97355.28,97355.84,1789623775263.3,0,forward,0
20656,0,50,150,97505.28,97505.88,1789623775413.3,0,forward,0
20657,0,50,150,97655.28,97655.87,1789623775563.3,0,forward,0
20658,0,50,150,97805.28,97805.87,1789623775713.3,0,forward,0
20659,0,50,150,97955.28,97955.83,1789623775863.3,0,forward,0
20660,0,50,150,98105.28,98105.89,1789623776013.3,0,forward,0
20661,0,50,150,98255.28,98255.69,1789623776163.3,0,forward,0
20662,0,50,150,98405.28,98405.86,1789623776313.3,0,forward,0
20663,0,50,150,98555.28,98555.87,1789623776463.3,0,forward,0
20664,0,50,150,98705.28,98705.79,1789623776613.3,0,forward,0
20665,0,50,150,98855.28,98855.71,1789623776763.3,0,forward,0
20666,0,50,150,99005.28,99005.72,1789623776913.3,0,forward,0
20667,0,50,150,99155.28,99155.82,1789623777063.3,0,forward,0
20668,0,50,150,99305.28,99305.60,1789623777213.3,0,forward,0
20669,0,50,150,99455.28,99455.89,1789623777363.3,0,forward,0
20670,0,50,150,99605.28,99605.91,1789623777513.3,0,forward,0
20671,0,50,150,99755.28,99755.78,1789623777663.3,0,forward,0
20672,0,50,150,99905.28,99905.84,1789623777813.3,0,forward,0
20673,0,50,150,100055.28,100055.80,1789623777963.3,0,forward,0
20674,0,50,150,100205.29,100205.86,1789623778113.3,0,forward,0
20675,0,50,150,100355.28,100355.80,1789623778263.3,0,forward,0
20676,0,50,150,100505.28,100505.72,1789623778413.3,0,forward,0
20677,0,50,150,100655.28,100655.76,1789623778563.3,0,forward,0
20678,0,50,150,100805.40,100805.95,1789623778713.4,0,forward,0
20679,0,50,150,100955.28,100955.70,1789623778863.3,0,forward,0
20680,0,50,150,101105.28,101105.83,1789623779013.3,0,forward,0
20681,0,50,150,101255.28,101255.92,1789623779163.3,0,forward,0
20682,0,50,150,101405.28,101405.86,1789623779313.3,0,forward,0
20683,0,50,150,101555.28,101555.91,1789623779463.3,0,forward,0
20684,0,50,150,101705.28,101705.80,1789623779613.3,0,forward,0
20685,0,50,150,101855.28,101855.83,1789623779763.3,0,forward,0
20686,0,50,150,102005.28,102005.83,1789623779913.3,0,forward,0
20687,0,50,150,102155.28,102155.92,1789623780063.3,0,forward,0
20688,0,50,150,102305.28,102305.94,1789623780213.3,0,forward,0
20689,0,50,150,102455.28,102455.82,1789623780363.3,0,forward,0
20690,0,50,150,102605.28,102605.77,1789623780513.3,0,forward,0
20691,0,50,150,102755.28,102755.87,1789623780663.3,0,forward,0
20692,0,50,150,102905.28,102905.85,1789623780813.3,0,forward,0
20693,0,50,150,103055.28,103055.79,1789623780963.3,0,forward,0
20694,0,50,150,103205.28,103205.88,1789623781113.3,0,forward,0
20695,0,50,150,103355.28,103355.90,1789623781263.3,0,forward,0
20696,0,50,150,103505.28,103505.84,1789623781413.3,0,forward,0
20697,0,50,150,103655.28,103655.95,1789623781563.3,0,forward,0
20698,0,50,150,103805.28,103805.81,1789623781713.3,0,forward,0
20699,0,50,150,103955.28,103955.90,1789623781863.3,0,forward,0
20700,0,50,150,103955.94,103956.55,1789623781863.9,0,forward,0
20701,0,50,150,104105.94,104106.48,1789623782013.9,0,forward,0
20702,0,50,150,104255.94,104256.64,1789623782163.9,0,forward,0
20703,0,50,150,104405.94,104406.53,1789623782313.9,0,forward,0
20704,0,50,150,104555.94,104556.51,1789623782463.9,0,forward,0
20705,0,50,150,104705.95,104706.43,1789623782613.9,0,forward,0
20706,0,50,150,104855.94,104856.51,1789623782763.9,0,forward,0
20707,0,50,150,105005.94,105006.50,1789623782913.9,0,forward,0
20708,0,50,150,105155.94,105156.46,1789623783063.9,0,forward,0
20709,0,50,150,105305.94,105306.47,1789623783213.9,0,forward,0
20710,0,50,150,105455.94,105456.33,1789623783363.9,0,forward,0
20711,0,50,150,105605.94,105606.66,1789623783513.9,0,forward,0
20712,0,50,150,105755.94,105756.44,1789623783663.9,0,forward,0
20713,0,50,150,105905.94,105906.43,1789623783813.9,0,forward,0
20714,0,50,150,106055.94,106056.51,1789623783963.9,0,forward,0
20715,0,50,150,106205.94,106206.39,1789623784113.9,0,forward,0
20716,0,50,150,106355.94,106356.48,1789623784263.9,0,forward,0
20717,0,50,150,106505.94,106506.35,1789623784413.9,0,forward,0
20718,0,50,150,106655.94,106656.57,1789623784563.9,0,forward,0
20719,0,50,150,106805.94,106806.45,1789623784713.9,0,forward,0
20720,0,50,150,106955.94,106956.51,1789623784863.9,0,forward,0
20721,0,50,150,107105.94,107106.48,1789623785013.9,0,forward,0
20722,0,50,150,107255.94,107256.53,1789623785163.9,0,forward,0
20723,0,50,150,107405.94,107406.53,1789623785313.9,0,forward,0
20724,0,50,150,107555.94,107556.54,1789623785463.9,0,forward,0
20725,0,50,150,107705.94,107706.52,1789623785613.9,0,forward,0
20726,0,50,150,107855.94,107856.32,1789623785763.9,0,forward,0
20727,0,50,150,108005.94,108006.48,1789623785913.9,0,forward,0
20728,0,50,150,108155.94,108156.57,1789623786063.9,0,forward,0
20729,0,50,150,108305.94,108306.38,1789623786213.9,0,forward,0
20730,0,50,150,108455.94,108456.56,1789623786363.9,0,forward,0
20731,0,50,150,108605.94,108606.35,1789623786513.9,0,forward,0
20732,0,50,150,108755.94,108756.67,1789623786663.9,0,forward,0
20733,0,50,150,108905.94,108906.46,1789623786813.9,0,forward,0
20734,0,50,150,109055.94,109056.41,1789623786963.9,0,forward,0
20735,0,50,150,109205.94,109206.47,1789623787113.9,0,forward,0
20736,0,50,150,109356.02,109356.55,1789623787264.0,0,forward,0
20737,0,50,150,109505.94,109506.47,1789623787413.9,0,forward,0
20738,0,50,150,109655.94,109656.43,1789623787563.9,0,forward,0
20739,0,50,150,109805.94,109806.46,1789623787713.9,0,forward,0
20740,0,50,150,109955.94,109956.49,1789623787863.9,0,forward,0
20741,0,50,150,110105.94,110106.49,1789623788013.9,0,forward,0
20742,0,50,150,110255.94,110256.35,1789623788163.9,0,forward,0
20743,0,50,150,110405.94,110406.47,1789623788313.9,0,forward,0
20744,0,50,150,110555.94,110556.50,1789623788463.9,0,forward,0
20745,0,50,150,110705.94,110706.48,1789623788613.9,0,forward,0
20746,0,50,150,110855.94,110856.39,1789623788763.9,0,forward,0
20747,0,50,150,111005.94,111006.43,1789623788913.9,0,forward,0
20748,0,50,150,111155.94,111156.54,1789623789063.9,0,forward,0
20749,0,50,150,111305.94,111306.43,1789623789213.9,0,forward,0
20750,0,50,150,111455.94,111456.38,1789623789363.9,0,forward,0
20751,0,50,150,111605.94,111606.42,1789623789513.9,0,forward,0
20752,0,50,150,111755.94,111756.36,1789623789663.9,0,forward,0
20753,0,50,150,111905.94,111906.46,1789623789813.9,0,forward,0
20754,0,50,150,112055.94,112056.45,1789623789963.9,0,forward,0
20755,0,50,150,112205.94,112206.45,1789623790113.9,0,forward,0
20756,0,50,150,112355.94,112356.37,1789623790263.9,0,forward,0
20757,0,50,150,112505.94,112506.44,1789623790413.9,0,forward,0
20758,0,50,150,112655.94,112656.44,1789623790563.9,0,forward,0
20759,0,50,150,112805.94,112806.38,1789623790713.9,0,forward,0
20760,0,50,150,112955.94,112956.44,1789623790863.9,0,forward,0
20761,0,50,150,113105.94,113106.37,1789623791013.9,0,forward,0
20762,0,50,150,113255.94,113256.47,1789623791163.9,0,forward,0
20763,0,50,150,113405.94,113406.45,1789623791313.9,0,forward,0
20764,0,50,150,113555.94,113556.45,1789623791463.9,0,forward,0
20765,0,50,150,113705.94,113706.44,1789623791613.9,0,forward,0
20766,0,50,150,113855.94,113856.66,1789623791763.9,0,forward,0
20767,0,50,150,114005.94,114006.39,1789623791913.9,0,forward,0
20768,0,50,150,114155.94,114156.42,1789623792063.9,0,forward,0
20769,0,50,150,114305.94,114306.46,1789623792213.9,0,forward,0
20770,0,50,150,114455.94,114456.47,1789623792363.9,0,forward,0
20771,0,50,150,114605.94,114606.50,1789623792513.9,0,forward,0
20772,0,50,150,114755.98,114756.49,1789623792664.0,0,forward,0
20773,0,50,150,114905.94,114906.46,1789623792813.9,0,forward,0
20774,0,50,150,115055.94,115056.40,1789623792963.9,0,forward,0
20775,0,50,150,115205.94,115206.53,1789623793113.9,0,forward,0
20776,0,50,150,115355.94,115356.45,1789623793263.9,0,forward,0
20777,0,50,150,115505.94,115506.50,1789623793413.9,0,forward,0
20778,0,50,150,115655.94,115656.41,1789623793563.9,0,forward,0
20779,0,50,150,115805.94,115806.44,1789623793713.9,0,forward,0
20780,0,50,150,115955.94,115956.40,1789623793863.9,0,forward,0
20781,0,50,150,116105.94,116106.39,1789623794013.9,0,forward,0
20782,0,50,150,116255.94,116256.46,1789623794163.9,0,forward,0
20783,0,50,150,116405.94,116406.41,1789623794313.9,0,forward,0
20784,0,50,150,116555.94,116556.25,1789623794463.9,0,forward,0
20785,0,50,150,116705.94,116706.56,1789623794613.9,0,forward,0
20786,0,50,150,116855.94,116856.45,1789623794763.9,0,forward,0
20787,0,50,150,117005.94,117006.46,1789623794913.9,0,forward,0
20788,0,50,150,117156.25,117156.72,1789623795064.2,0,forward,0
20789,0,50,150,117305.94,117306.34,1789623795213.9,0,forward,0
20790,0,50,150,117455.94,117456.49,1789623795363.9,0,forward,0
20791,0,50,150,117605.94,117606.39,1789623795513.9,0,forward,0
20792,0,50,150,117755.94,117756.41,1789623795663.9,0,forward,0
20793,0,50,150,117905.94,117906.46,1789623795813.9,0,forward,0
20794,0,50,150,118055.94,118056.47,1789623795963.9,0,forward,0
20795,0,50,150,118205.94,118206.60,1789623796113.9,0,forward,0
20796,0,50,150,118355.94,118356.62,1789623796263.9,0,forward,0
20797,0,50,150,118505.94,118506.44,1789623796413.9,0,forward,0
20798,0,50,150,118655.94,118656.45,1789623796563.9,0,forward,0
20799,0,50,150,118805.94,118806.41,1789623796713.9,0,forward,0
20800,0,50,150,118806.44,118806.87,1789623796714.4,0,forward,0
20801,0,50,150,118956.44,118957.05,1789623796864.4,0,forward,0
20802,0,50,150,119106.44,119106.93,1789623797014.4,0,forward,0
20803,0,50,150,119256.44,119256.92,1789623797164.4,0,forward,0
20804,0,50,150,119406.44,119407.07,1789623797314.4,0,forward,0
20805,0,50,150,119556.44,119556.91,1789623797464.4,0,forward,0
20806,0,50,150,119706.44,119707.08,1789623797614.4,0,forward,0
20807,0,50,150,119856.44,119857.08,1789623797764.4,0,forward,0
20808,0,50,150,120006.44,120006.92,1789623797914.4,0,forward,0
20809,0,50,150,120156.44,120156.92,1789623798064.4,0,forward,0
20810,0,50,150,120306.44,120307.02,1789623798214.4,0,forward,0
20811,0,50,150,120456.44,120457.04,1789623798364.4,0,forward,0
20812,0,50,150,120606.44,120606.88,1789623798514.4,0,forward,0
20813,0,50,150,120756.44,120756.82,1789623798664.4,0,forward,0
20814,0,50,150,120906.44,120907.22,1789623798814.4,0,forward,0
20815,0,50,150,121056.44,121056.94,1789623798964.4,0,forward,0
20816,0,50,150,121206.44,121206.86,1789623799114.4,0,forward,0
20817,0,50,150,121356.44,121356.91,1789623799264.4,0,forward,0
20818,0,50,150,121506.44,121507.02,1789623799414.4,0,forward,0
20819,0,50,150,121656.44,121656.94,1789623799564.4,0,forward,0
20820,0,50,150,121806.44,121807.16,1789623799714.4,0,forward,0
20821,0,50,150,121956.44,121956.96,1789623799864.4,0,forward,0
20822,0,50,150,122106.44,122106.95,1789623800014.4,0,forward,0
20823,0,50,150,122256.44,122256.98,1789623800164.4,0,forward,0
20824,0,50,150,122406.44,122406.98,1789623800314.4,0,forward,0
20825,0,50,150,122556.44,122557.01,1789623800464.4,0,forward,0
20826,0,50,150,122706.44,122706.89,1789623800614.4,0,forward,0
20827,0,50,150,122856.44,122856.97,1789623800764.4,0,forward,0
20828,0,50,150,123006.44,123006.93,1789623800914.4,0,forward,0
20829,0,50,150,123156.44,123157.15,1789623801064.4,0,forward,0
20830,0,50,150,123306.44,123307.04,1789623801214.4,0,forward,0
20831,0,50,150,123456.44,123456.96,1789623801364.4,0,forward,0
20832,0,50,150,123606.44,123606.96,1789623801514.4,0,forward,0
20833,0,50,150,123756.58,123757.08,1789623801664.6,0,forward,0
20834,0,50,150,123906.44,123906.96,1789623801814.4,0,forward,0
20835,0,50,150,124056.44,124056.98,1789623801964.4,0,forward,0
20836,0,50,150,124206.44,124207.06,1789623802114.4,0,forward,0
20837,0,50,150,124356.44,124356.90,1789623802264.4,0,forward,0
20838,0,50,150,124506.44,124506.93,1789623802414.4,0,forward,0
20839,0,50,150,124656.44,124656.99,1789623802564.4,0,forward,0
20840,0,50,150,124806.44,124806.89,1789623802714.4,0,forward,0
20841,0,50,150,124956.44,124957.03,1789623802864.4,0,forward,0
20842,0,50,150,125106.44,125107.01,1789623803014.4,0,forward,0
20843,0,50,150,125256.44,125257.00,1789623803164.4,0,forward,0
20844,0,50,150,125406.44,125407.16,1789623803314.4,0,forward,0
20845,0,50,150,125556.45,125557.06,1789623803464.5,0,forward,0
20846,0,50,150,125706.46,125707.01,1789623803614.5,0,forward,0
20847,0,50,150,125856.44,125857.17,1789623803764.4,0,forward,0
20848,0,50,150,126006.44,126007.07,1789623803914.4,0,forward,0
20849,0,50,150,126156.44,126157.13,1789623804064.4,0,forward,0
20850,0,50,150,126306.44,126307.23,1789623804214.4,0,forward,0
20851,0,50,150,126456.44,126456.99,1789623804364.4,0,forward,0
20852,0,50,150,126606.44,126607.22,1789623804514.4,0,forward,0
20853,0,50,150,126756.44,126756.92,1789623804664.4,0,forward,0
20854,0,50,150,126906.44,126907.08,1789623804814.4,0,forward,0
20855,0,50,150,127056.44,127056.94,1789623804964.4,0,forward,0
20856,0,50,150,127206.44,127207.06,1789623805114.4,0,forward,0
20857,0,50,150,127356.61,127357.11,1789623805264.6,0,forward,0
20858,0,50,150,127506.70,127507.31,1789623805414.7,0,forward,0
20859,0,50,150,127656.44,127657.04,1789623805564.4,0,forward,0
20860,0,50,150,127806.44,127807.06,1789623805714.4,0,forward,0
20861,0,50,150,127956.44,127957.13,1789623805864.4,0,forward,0
20862,0,50,150,128106.44,128106.98,1789623806014.4,0,forward,0
20863,0,50,150,128256.45,128256.99,1789623806164.4,0,forward,0
20864,0,50,150,128406.44,128407.15,1789623806314.4,0,forward,0
20865,0,50,150,128556.44,128557.16,1789623806464.4,0,forward,0
20866,0,50,150,128706.44,128707.18,1789623806614.4,0,forward,0
20867,0,50,150,128856.44,128857.08,1789623806764.4,0,forward,0
20868,0,50,150,129006.44,129007.04,1789623806914.4,0,forward,0
20869,0,50,150,129156.44,129156.97,1789623807064.4,0,forward,0
20870,0,50,150,129306.44,129307.09,1789623807214.4,0,forward,0
20871,0,50,150,129456.44,129457.12,1789623807364.4,0,forward,0
20872,0,50,150,129606.60,129607.06,1789623807514.6,0,forward,0
20873,0,50,150,129756.44,129757.08,1789623807664.4,0,forward,0
20874,0,50,150,129906.44,129906.99,1789623807814.4,0,forward,0
20875,0,50,150,130056.44,130057.13,1789623807964.4,0,forward,0
20876,0,50,150,130206.44,130207.11,1789623808114.4,0,forward,0
20877,0,50,150,130356.47,130357.01,1789623808264.5,0,forward,0
20878,0,50,150,130506.44,130506.90,1789623808414.4,0,forward,0
20879,0,50,150,130656.44,130657.04,1789623808564.4,0,forward,0
20880,0,50,150,130806.44,130807.05,1789623808714.4,0,forward,0
20881,0,50,150,130956.44,130956.97,1789623808864.4,0,forward,0
20882,0,50,150,131106.44,131107.02,1789623809014.4,0,forward,0
20883,0,50,150,131257.18,131257.56,1789623809165.2,0,forward,0
20884,0,50,150,131406.49,131406.98,1789623809314.5,0,forward,0
20885,0,50,150,131556.44,131556.93,1789623809464.4,0,forward,0
20886,0,50,150,131706.44,131706.94,1789623809614.4,0,forward,0
20887,0,50,150,131856.44,131856.98,1789623809764.4,0,forward,0
20888,0,50,150,132006.44,132007.28,1789623809914.4,0,forward,0
20889,0,50,150,132156.44,132157.01,1789623810064.4,0,forward,0
20890,0,50,150,132306.60,132307.14,1789623810214.6,0,forward,0
20891,0,50,150,132456.44,132457.01,1789623810364.4,0,forward,0
20892,0,50,150,132606.44,132606.94,1789623810514.4,0,forward,0
20893,0,50,150,132756.44,132757.09,1789623810664.4,0,forward,0
20894,0,50,150,132906.45,132907.13,1789623810814.4,0,forward,0
20895,0,50,150,133056.46,133056.95,1789623810964.5,0,forward,0
20896,0,50,150,133206.44,133207.16,1789623811114.4,0,forward,0
20897,0,50,150,133356.44,133356.96,1789623811264.4,0,forward,0
20898,0,50,150,133506.44,133506.93,1789623811414.4,0,forward,0
20899,0,50,150,133656.44,133656.94,1789623811564.4,0,forward,0
20900,0,50,150,133656.97,133657.48,1789623811565.0,0,forward,0
20901,0,50,150,133806.97,133807.46,1789623811715.0,0,forward,0
20902,0,50,150,133956.97,133957.47,1789623811865.0,0,forward,0
20903,0,50,150,134106.97,134107.46,1789623812015.0,0,forward,0
20904,0,50,150,134256.97,134257.51,1789623812165.0,0,forward,0
20905,0,50,150,134406.97,134407.60,1789623812315.0,0,forward,0
20906,0,50,150,134557.00,134557.53,1789623812465.0,0,forward,0
20907,0,50,150,134706.97,134707.48,1789623812615.0,0,forward,0
20908,0,50,150,134856.97,134857.46,1789623812765.0,0,forward,0
20909,0,50,150,135006.97,135007.46,1789623812915.0,0,forward,0
20910,0,50,150,135156.97,135157.48,1789623813065.0,0,forward,0
20911,0,50,150,135306.97,135307.48,1789623813215.0,0,forward,0
20912,0,50,150,135456.97,135457.46,1789623813365.0,0,forward,0
20913,0,50,150,135606.97,135607.45,1789623813515.0,0,forward,0
20914,0,50,150,135756.97,135757.67,1789623813665.0,0,forward,0
20915,0,50,150,135906.97,135907.50,1789623813815.0,0,forward,0
20916,0,50,150,136056.97,136057.52,1789623813965.0,0,forward,0
20917,0,50,150,136206.97,136207.44,1789623814115.0,0,forward,0
20918,0,50,150,136356.97,136357.69,1789623814265.0,0,forward,0
20919,0,50,150,136506.97,136507.40,1789623814415.0,0,forward,0
20920,0,50,150,136656.97,136657.47,1789623814565.0,0,forward,0
20921,0,50,150,136806.97,136807.45,1789623814715.0,0,forward,0
20922,0,50,150,136956.97,136957.48,1789623814865.0,0,forward,0
20923,0,50,150,137106.97,137107.53,1789623815015.0,0,forward,0
20924,0,50,150,137256.97,137257.50,1789623815165.0,0,forward,0
20925,0,50,150,137406.97,137407.46,1789623815315.0,0,forward,0
20926,0,50,150,137557.06,137557.62,1789623815465.1,0,forward,0
20927,0,50,150,137706.97,137707.67,1789623815615.0,0,forward,0
20928,0,50,150,137856.97,137857.53,1789623815765.0,0,forward,0
20929,0,50,150,138006.97,138007.43,1789623815915.0,0,forward,0
20930,0,50,150,138156.97,138157.50,1789623816065.0,0,forward,0
20931,0,50,150,138306.97,138307.48,1789623816215.0,0,forward,0
20932,0,50,150,138456.97,138457.41,1789623816365.0,0,forward,0
20933,0,50,150,138606.97,138607.49,1789623816515.0,0,forward,0
20934,0,50,150,138756.97,138757.50,1789623816665.0,0,forward,0
20935,0,50,150,138906.97,138907.53,1789623816815.0,0,forward,0
20936,0,50,150,139056.97,139057.49,1789623816965.0,0,forward,0
20937,0,50,150,139206.97,139207.42,1789623817115.0,0,forward,0
20938,0,50,150,139356.97,139357.47,1789623817265.0,0,forward,0
20939,0,50,150,139506.97,139507.52,1789623817415.0,0,forward,0
20940,0,50,150,139656.97,139657.48,1789623817565.0,0,forward,0
20941,0,50,150,139806.97,139807.49,1789623817715.0,0,forward,0
20942,0,50,150,139956.97,139957.50,1789623817865.0,0,forward,0
20943,0,50,150,140106.97,140107.54,1789623818015.0,0,forward,0
20944,0,50,150,140256.97,140257.49,1789623818165.0,0,forward,0
20945,0,50,150,140406.97,140407.57,1789623818315.0,0,forward,0
20946,0,50,150,140556.97,140557.45,1789623818465.0,0,forward,0
20947,0,50,150,140706.97,140707.45,1789623818615.0,0,forward,0
20948,0,50,150,140856.97,140857.41,1789623818765.0,0,forward,0
20949,0,50,150,141006.97,141007.52,1789623818915.0,0,forward,0
20950,0,50,150,141156.97,141157.49,1789623819065.0,0,forward,0
20951,0,50,150,141306.97,141307.35,1789623819215.0,0,forward,0
20952,0,50,150,141456.97,141457.48,1789623819365.0,0,forward,0
20953,0,50,150,141606.97,141607.47,1789623819515.0,0,forward,0
20954,0,50,150,141756.97,141757.41,1789623819665.0,0,forward,0
20955,0,50,150,141906.97,141907.48,1789623819815.0,0,forward,0
20956,0,50,150,142056.97,142057.46,1789623819965.0,0,forward,0
20957,0,50,150,142206.98,142207.50,1789623820115.0,0,forward,0
20958,0,50,150,142357.01,142357.58,1789623820265.0,0,forward,0
20959,0,50,150,142506.97,142507.64,1789623820415.0,0,forward,0
20960,0,50,150,142656.97,142657.50,1789623820565.0,0,forward,0
20961,0,50,150,142806.97,142807.54,1789623820715.0,0,forward,0
20962,0,50,150,142956.97,142957.55,1789623820865.0,0,forward,0
20963,0,50,150,143106.97,143107.58,1789623821015.0,0,forward,0
20964,0,50,150,143256.97,143257.43,1789623821165.0,0,forward,0
20965,0,50,150,143406.97,143407.49,1789623821315.0,0,forward,0
20966,0,50,150,143556.97,143557.47,1789623821465.0,0,forward,0
20967,0,50,150,143706.97,143707.55,1789623821615.0,0,forward,0
20968,0,50,150,143856.97,143857.54,1789623821765.0,0,forward,0
20969,0,50,150,144006.97,144007.61,1789623821915.0,0,forward,0
20970,0,50,150,144156.97,144157.43,1789623822065.0,0,forward,0
20971,0,50,150,144306.97,144307.61,1789623822215.0,0,forward,0
20972,0,50,150,144456.97,144457.34,1789623822365.0,0,forward,0
20973,0,50,150,144607.03,144607.52,1789623822515.0,0,forward,0
20974,0,50,150,144756.97,144757.44,1789623822665.0,0,forward,0
20975,0,50,150,144907.06,144907.57,1789623822815.1,0,forward,0
20976,0,50,150,145056.97,145057.48,1789623822965.0,0,forward,0
20977,0,50,150,145206.97,145207.49,1789623823115.0,0,forward,0
20978,0,50,150,145356.97,145357.56,1789623823265.0,0,forward,0
20979,0,50,150,145506.97,145507.49,1789623823415.0,0,forward,0
20980,0,50,150,145656.97,145657.52,1789623823565.0,0,forward,0
20981,0,50,150,145806.97,145807.35,1789623823715.0,0,forward,0
20982,0,50,150,145956.97,145957.47,1789623823865.0,0,forward,0
20983,0,50,150,146106.97,146107.63,1789623824015.0,0,forward,0
20984,0,50,150,146256.97,146257.48,1789623824165.0,0,forward,0
20985,0,50,150,146406.97,146407.62,1789623824315.0,0,forward,0
20986,0,50,150,146557.02,146557.60,1789623824465.0,0,forward,0
20987,0,50,150,146706.97,146707.35,1789623824615.0,0,forward,0
20988,0,50,150,146856.97,146857.54,1789623824765.0,0,forward,0
20989,0,50,150,147006.97,147007.51,1789623824915.0,0,forward,0
20990,0,50,150,147156.97,147157.58,1789623825065.0,0,forward,0
20991,0,50,150,147306.97,147307.55,1789623825215.0,0,forward,0
20992,0,50,150,147456.97,147457.54,1789623825365.0,0,forward,0
20993,0,50,150,147606.97,147607.80,1789623825515.0,0,forward,0
20994,0,50,150,147756.97,147757.55,1789623825665.0,0,forward,0
20995,0,50,150,147906.97,147907.38,1789623825815.0,0,forward,0
20996,0,50,150,148057.26,148057.91,1789623825965.3,0,forward,0
20997,0,50,150,148206.97,148207.81,1789623826115.0,0,forward,0
20998,0,50,150,148356.97,148357.44,1789623826265.0,0,forward,0
20999,0,50,150,148506.97,148507.48,1789623826415.0,0,forward,0
21000,0,50,150,148507.52,148508.00,1789623826415.5,0,forward,0
21001,0,50,150,148657.52,148658.11,1789623826565.5,0,forward,0
21002,0,50,150,148807.52,148808.12,1789623826715.5,0,forward,0
21003,0,50,150,148957.53,148958.16,1789623826865.5,0,forward,0
21004,0,50,150,149107.52,149108.09,1789623827015.5,0,forward,0
21005,0,50,150,149257.54,149258.19,1789623827165.5,0,forward,0
21006,0,50,150,149407.53,149408.59,1789623827315.5,0,forward,0
21007,0,50,150,149557.52,149558.12,1789623827465.5,0,forward,0
21008,0,50,150,149707.52,149708.41,1789623827615.5,0,forward,0
21009,0,50,150,149857.52,149858.12,1789623827765.5,0,forward,0
21010,0,50,150,150007.52,150008.12,1789623827915.5,0,forward,0
21011,0,50,150,150157.52,150158.26,1789623828065.5,0,forward,0
21012,0,50,150,150307.52,150308.16,1789623828215.5,0,forward,0
21013,0,50,150,150457.52,150458.13,1789623828365.5,0,forward,0
21014,0,50,150,150607.52,150608.08,1789623828515.5,0,forward,0
21015,0,50,150,150757.52,150758.02,1789623828665.5,0,forward,0
21016,0,50,150,150907.52,150908.04,1789623828815.5,0,forward,0
21017,0,50,150,151057.52,151058.28,1789623828965.5,0,forward,0
21018,0,50,150,151207.52,151208.55,1789623829115.5,0,forward,0
21019,0,50,150,151357.52,151358.10,1789623829265.5,0,forward,0
21020,0,50,150,151507.52,151508.11,1789623829415.5,0,forward,0
21021,0,50,150,151657.52,151658.02,1789623829565.5,0,forward,0
21022,0,50,150,151807.52,151808.00,1789623829715.5,0,forward,0
21023,0,50,150,151957.52,151958.04,1789623829865.5,0,forward,0
21024,0,50,150,152107.52,152108.15,1789623830015.5,0,forward,0
21025,0,50,150,152257.55,152258.03,1789623830165.5,0,forward,0
21026,0,50,150,152407.52,152408.11,1789623830315.5,0,forward,0
21027,0,50,150,152557.52,152558.07,1789623830465.5,0,forward,0
21028,0,50,150,152707.52,152708.17,1789623830615.5,0,forward,0
21029,0,50,150,152857.55,152858.06,1789623830765.6,0,forward,0
21030,0,50,150,153007.52,153008.11,1789623830915.5,0,forward,0
21031,0,50,150,153157.52,153158.11,1789623831065.5,0,forward,0
21032,0,50,150,153307.52,153308.03,1789623831215.5,0,forward,0
21033,0,50,150,153457.52,153458.30,1789623831365.5,0,forward,0
21034,0,50,150,153607.77,153608.36,1789623831515.8,0,forward,0
21035,0,50,150,153757.52,153758.06,1789623831665.5,0,forward,0
21036,0,50,150,153907.52,153908.06,1789623831815.5,0,forward,0
21037,0,50,150,154057.52,154058.04,1789623831965.5,0,forward,0
21038,0,50,150,154207.52,154207.97,1789623832115.5,0,forward,0
21039,0,50,150,154357.52,154358.09,1789623832265.5,0,forward,0
21040,0,50,150,154507.53,154508.04,1789623832415.5,0,forward,0
21041,0,50,150,154657.52,154658.05,1789623832565.5,0,forward,0
21042,0,50,150,154807.52,154808.01,1789623832715.5,0,forward,0
21043,0,50,150,154957.52,154958.07,1789623832865.5,0,forward,0
21044,0,50,150,155107.52,155108.50,1789623833015.5,0,forward,0
21045,0,50,150,155257.52,155257.99,1789623833165.5,0,forward,0
21046,0,50,150,155407.52,155408.13,1789623833315.5,0,forward,0
21047,0,50,150,155557.52,155557.89,1789623833465.5,0,forward,0
21048,0,50,150,155707.52,155708.38,1789623833615.5,0,forward,0
21049,0,50,150,155857.52,155858.07,1789623833765.5,0,forward,0
21050,0,50,150,156007.54,156008.63,1789623833915.5,0,forward,0
21051,0,50,150,156157.52,156158.03,1789623834065.5,0,forward,0
21052,0,50,150,156307.52,156308.02,1789623834215.5,0,forward,0
21053,0,50,150,156457.52,156458.05,1789623834365.5,0,forward,0
21054,0,50,150,156607.52,156608.03,1789623834515.5,0,forward,0
21055,0,50,150,156757.52,156758.14,1789623834665.5,0,forward,0
21056,0,50,150,156907.52,156908.14,1789623834815.5,0,forward,0
21057,0,50,150,157057.52,157058.04,1789623834965.5,0,forward,0
21058,0,50,150,157207.52,157208.05,1789623835115.5,0,forward,0
21059,0,50,150,157357.52,157358.23,1789623835265.5,0,forward,0
21060,0,50,150,157507.52,157508.06,1789623835415.5,0,forward,0
21061,0,50,150,157657.52,157658.14,1789623835565.5,0,forward,0
21062,0,50,150,157807.52,157808.20,1789623835715.5,0,forward,0
21063,0,50,150,157957.52,157958.06,1789623835865.5,0,forward,0
21064,0,50,150,158107.52,158108.30,1789623836015.5,0,forward,0
21065,0,50,150,158257.52,158258.18,1789623836165.5,0,forward,0
21066,0,50,150,158407.52,158408.11,1789623836315.5,0,forward,0
21067,0,50,150,158557.52,158558.13,1789623836465.5,0,forward,0
21068,0,50,150,158707.52,158708.04,1789623836615.5,0,forward,0
21069,0,50,150,158857.52,158858.29,1789623836765.5,0,forward,0
21070,0,50,150,159007.52,159007.95,1789623836915.5,0,forward,0
21071,0,50,150,159157.52,159158.10,1789623837065.5,0,forward,0
21072,0,50,150,159307.52,159308.04,1789623837215.5,0,forward,0
21073,0,50,150,159457.52,159457.96,1789623837365.5,0,forward,0
21074,0,50,150,159607.52,159608.05,1789623837515.5,0,forward,0
21075,0,50,150,159757.52,159758.08,1789623837665.5,0,forward,0
21076,0,50,150,159907.52,159908.06,1789623837815.5,0,forward,0
21077,0,50,150,160057.52,160058.16,1789623837965.5,0,forward,0
21078,0,50,150,160207.52,160208.07,1789623838115.5,0,forward,0
21079,0,50,150,160357.52,160358.17,1789623838265.5,0,forward,0
21080,0,50,150,160507.52,160508.17,1789623838415.5,0,forward,0
21081,0,50,150,160657.52,160658.02,1789623838565.5,0,forward,0
21082,0,50,150,160807.52,160808.04,1789623838715.5,0,forward,0
21083,0,50,150,160957.52,160958.07,1789623838865.5,0,forward,0
21084,0,50,150,161107.52,161107.94,1789623839015.5,0,forward,0
21085,0,50,150,161257.52,161258.06,1789623839165.5,0,forward,0
21086,0,50,150,161407.56,161408.10,1789623839315.6,0,forward,0
21087,0,50,150,161557.52,161558.01,1789623839465.5,0,forward,0
21088,0,50,150,161707.52,161707.99,1789623839615.5,0,forward,0
21089,0,50,150,161857.52,161858.24,1789623839765.5,0,forward,0
21090,0,50,150,162007.52,162008.10,1789623839915.5,0,forward,0
21091,0,50,150,162157.52,162158.19,1789623840065.5,0,forward,0
21092,0,50,150,162307.52,162308.01,1789623840215.5,0,forward,0
21093,0,50,150,162457.52,162458.07,1789623840365.5,0,forward,0
21094,0,50,150,162607.52,162608.16,1789623840515.5,0,forward,0
21095,0,50,150,162757.58,162758.15,1789623840665.6,0,forward,0
21096,0,50,150,162907.52,162908.06,1789623840815.5,0,forward,0
21097,0,50,150,163057.68,163058.22,1789623840965.7,0,forward,0
21098,0,50,150,163207.52,163208.04,1789623841115.5,0,forward,0
21099,0,50,150,163357.52,163358.14,1789623841265.5,0,forward,0
21100,0,50,150,163358.17,163358.91,1789623841266.2,0,forward,0
21101,0,50,150,163508.17,163508.73,1789623841416.2,0,forward,0
21102,0,50,150,163658.19,163659.11,1789623841566.2,0,forward,0
21103,0,50,150,163808.17,163808.82,1789623841716.2,0,forward,0
21104,0,50,150,163958.17,163958.69,1789623841866.2,0,forward,0
21105,0,50,150,164108.17,164108.68,1789623842016.2,0,forward,0
21106,0,50,150,164258.17,164258.75,1789623842166.2,0,forward,0
21107,0,50,150,164408.17,164408.83,1789623842316.2,0,forward,0
21108,0,50,150,164558.17,164558.67,1789623842466.2,0,forward,0
21109,0,50,150,164708.17,164708.74,1789623842616.2,0,forward,0
21110,0,50,150,164858.17,164858.95,1789623842766.2,0,forward,0
21111,0,50,150,165008.17,165008.69,1789623842916.2,0,forward,0
21112,0,50,150,165159.20,165159.78,1789623843067.2,0,forward,0
21113,0,50,150,165308.17,165308.69,1789623843216.2,0,forward,0
21114,0,50,150,165458.17,165458.92,1789623843366.2,0,forward,0
21115,0,50,150,165608.17,165608.72,1789623843516.2,0,forward,0
21116,0,50,150,165758.17,165758.81,1789623843666.2,0,forward,0
21117,0,50,150,165908.17,165908.74,1789623843816.2,0,forward,0
21118,0,50,150,166058.17,166058.62,1789623843966.2,0,forward,0
21119,0,50,150,166208.17,166208.84,1789623844116.2,0,forward,0
21120,0,50,150,166358.17,166358.96,1789623844266.2,0,forward,0
21121,0,50,150,166508.32,166508.81,1789623844416.3,0,forward,0
21122,0,50,150,166658.17,166658.69,1789623844566.2,0,forward,0
21123,0,50,150,166808.17,166808.76,1789623844716.2,0,forward,0
21124,0,50,150,166958.17,166958.66,1789623844866.2,0,forward,0
21125,0,50,150,167108.17,167108.69,1789623845016.2,0,forward,0
21126,0,50,150,167258.17,167258.68,1789623845166.2,0,forward,0
21127,0,50,150,167408.17,167408.76,1789623845316.2,0,forward,0
21128,0,50,150,167558.17,167558.66,1789623845466.2,0,forward,0
21129,0,50,150,167708.17,167708.67,1789623845616.2,0,forward,0
21130,0,50,150,167858.17,167858.74,1789623845766.2,0,forward,0
21131,0,50,150,168008.17,168008.66,1789623845916.2,0,forward,0
21132,0,50,150,168158.17,168158.68,1789623846066.2,0,forward,0
21133,0,50,150,168308.17,168308.58,1789623846216.2,0,forward,0
21134,0,50,150,168458.17,168458.64,1789623846366.2,0,forward,0
21135,0,50,150,168608.18,168608.78,1789623846516.2,0,forward,0
21136,0,50,150,168758.17,168758.71,1789623846666.2,0,forward,0
21137,0,50,150,168908.17,168908.67,1789623846816.2,0,forward,0
21138,0,50,150,169058.17,169058.61,1789623846966.2,0,forward,0
21139,0,50,150,169208.17,169208.77,1789623847116.2,0,forward,0
21140,0,50,150,169358.17,169358.76,1789623847266.2,0,forward,0
21141,0,50,150,169508.17,169508.70,1789623847416.2,0,forward,0
21142,0,50,150,169658.17,169658.75,1789623847566.2,0,forward,0
21143,0,50,150,169808.17,169808.61,1789623847716.2,0,forward,0
21144,0,50,150,169958.17,169958.70,1789623847866.2,0,forward,0
21145,0,50,150,170108.17,170108.82,1789623848016.2,0,forward,0
21146,0,50,150,170258.17,170258.70,1789623848166.2,0,forward,0
21147,0,50,150,170408.17,170408.79,1789623848316.2,0,forward,0
21148,0,50,150,170558.17,170558.74,1789623848466.2,0,forward,0
21149,0,50,150,170708.17,170708.71,1789623848616.2,0,forward,0
21150,0,50,150,170859.16,170859.71,1789623848767.2,0,forward,0
21151,0,50,150,171008.17,171008.65,1789623848916.2,0,forward,0
21152,0,50,150,171158.17,171158.77,1789623849066.2,0,forward,0
21153,0,50,150,171308.17,171308.86,1789623849216.2,0,forward,0
21154,0,50,150,171458.17,171458.70,1789623849366.2,0,forward,0
21155,0,50,150,171608.19,171608.71,1789623849516.2,0,forward,0
21156,0,50,150,171758.17,171758.74,1789623849666.2,0,forward,0
21157,0,50,150,171908.17,171908.70,1789623849816.2,0,forward,0
21158,0,50,150,172058.17,172058.94,1789623849966.2,0,forward,0
21159,0,50,150,172208.17,172208.73,1789623850116.2,0,forward,0
21160,0,50,150,172358.17,172359.27,1789623850266.2,0,forward,0
21161,0,50,150,172508.17,172508.70,1789623850416.2,0,forward,0
21162,0,50,150,172658.17,172658.81,1789623850566.2,0,forward,0
21163,0,50,150,172808.17,172808.72,1789623850716.2,0,forward,0
21164,0,50,150,172958.17,172958.93,1789623850866.2,0,forward,0
21165,0,50,150,173108.17,173108.77,1789623851016.2,0,forward,0
21166,0,50,150,173258.17,173258.72,1789623851166.2,0,forward,0
21167,0,50,150,173408.17,173408.72,1789623851316.2,0,forward,0
21168,0,50,150,173558.17,173558.75,1789623851466.2,0,forward,0
21169,0,50,150,173708.17,173708.59,1789623851616.2,0,forward,0
21170,0,50,150,173858.17,173858.78,1789623851766.2,0,forward,0
21171,0,50,150,174008.17,174008.63,1789623851916.2,0,forward,0
21172,0,50,150,174158.33,174158.97,1789623852066.3,0,forward,0
21173,0,50,150,174308.17,174308.72,1789623852216.2,0,forward,0
21174,0,50,150,174458.17,174458.81,1789623852366.2,0,forward,0
21175,0,50,150,174608.17,174608.70,1789623852516.2,0,forward,0
21176,0,50,150,174758.24,174758.75,1789623852666.2,0,forward,0
21177,0,50,150,174908.17,174908.73,1789623852816.2,0,forward,0
21178,0,50,150,175058.17,175058.75,1789623852966.2,0,forward,0
21179,0,50,150,175208.17,175208.71,1789623853116.2,0,forward,0
21180,0,50,150,175358.17,175358.77,1789623853266.2,0,forward,0
21181,0,50,150,175508.17,175508.72,1789623853416.2,0,forward,0
21182,0,50,150,175658.17,175658.76,1789623853566.2,0,forward,0
21183,0,50,150,175808.17,175808.67,1789623853716.2,0,forward,0
21184,0,50,150,175958.17,175958.82,1789623853866.2,0,forward,0
21185,0,50,150,176108.17,176108.70,1789623854016.2,0,forward,0
21186,0,50,150,176258.17,176258.73,1789623854166.2,0,forward,0
21187,0,50,150,176408.17,176408.74,1789623854316.2,0,forward,0
21188,0,50,150,176558.26,176558.78,1789623854466.3,0,forward,0
21189,0,50,150,176708.17,176708.76,1789623854616.2,0,forward,0
21190,0,50,150,176858.17,176858.74,1789623854766.2,0,forward,0
21191,0,50,150,177008.17,177008.77,1789623854916.2,0,forward,0
21192,0,50,150,177158.17,177158.81,1789623855066.2,0,forward,0
21193,0,50,150,177308.17,177308.85,1789623855216.2,0,forward,0
21194,0,50,150,177458.17,177458.94,1789623855366.2,0,forward,0
21195,0,50,150,177608.17,177608.65,1789623855516.2,0,forward,0
21196,0,50,150,177758.17,177758.77,1789623855666.2,0,forward,0
21197,0,50,150,177908.17,177908.68,1789623855816.2,0,forward,0
21198,0,50,150,178058.17,178058.72,1789623855966.2,0,forward,0
21199,0,50,150,178208.17,178208.91,1789623856116.2,0,forward,0
21200,0,50,150,178208.94,178209.44,1789623856116.9,0,forward,0
21201,0,50,150,178358.94,178359.53,1789623856266.9,0,forward,0
21202,0,50,150,178508.94,178509.46,1789623856416.9,0,forward,0
21203,0,50,150,178658.94,178659.47,1789623856566.9,0,forward,0
21204,0,50,150,178808.94,178809.43,1789623856716.9,0,forward,0
21205,0,50,150,178958.94,178959.48,1789623856866.9,0,forward,0
21206,0,50,150,179108.94,179109.50,1789623857016.9,0,forward,0
21207,0,50,150,179258.95,179259.51,1789623857166.9,0,forward,0
21208,0,50,150,179408.94,179409.57,1789623857316.9,0,forward,0
21209,0,50,150,179558.94,179559.48,1789623857466.9,0,forward,0
21210,0,50,150,179708.94,179709.50,1789623857616.9,0,forward,0
21211,0,50,150,179858.98,179859.69,1789623857767.0,0,forward,0
21212,0,50,150,180008.94,180009.62,1789623857916.9,0,forward,0
21213,0,50,150,180158.94,180159.45,1789623858066.9,0,forward,0
21214,0,50,150,180308.94,180309.47,1789623858216.9,0,forward,0
21215,0,50,150,180458.94,180459.43,1789623858366.9,0,forward,0
21216,0,50,150,180608.94,180609.50,1789623858516.9,0,forward,0
21217,0,50,150,180758.94,180759.40,1789623858666.9,0,forward,0
21218,0,50,150,180908.94,180909.57,1789623858816.9,0,forward,0
21219,0,50,150,181058.94,181059.87,1789623858966.9,0,forward,0
21220,0,50,150,181208.94,181209.46,1789623859116.9,0,forward,0
21221,0,50,150,181358.94,181359.57,1789623859266.9,0,forward,0
21222,0,50,150,181508.94,181509.44,1789623859416.9,0,forward,0
21223,0,50,150,181658.94,181659.45,1789623859566.9,0,forward,0
21224,0,50,150,181808.94,181809.48,1789623859716.9,0,forward,0
21225,0,50,150,181958.94,181959.42,1789623859866.9,0,forward,0
21226,0,50,150,182108.94,182109.57,1789623860016.9,0,forward,0
21227,0,50,150,182258.95,182259.46,1789623860167.0,0,forward,0
21228,0,50,150,182408.94,182409.41,1789623860316.9,0,forward,0
21229,0,50,150,182558.94,182559.42,1789623860466.9,0,forward,0
21230,0,50,150,182708.94,182709.49,1789623860616.9,0,forward,0
21231,0,50,150,182858.94,182859.47,1789623860766.9,0,forward,0
21232,0,50,150,183008.94,183009.71,1789623860916.9,0,forward,0
21233,0,50,150,183158.94,183159.39,1789623861066.9,0,forward,0
21234,0,50,150,183308.99,183309.54,1789623861217.0,0,forward,0
21235,0,50,150,183459.07,183459.66,1789623861367.1,0,forward,0
21236,0,50,150,183608.94,183609.53,1789623861516.9,0,forward,0
21237,0,50,150,183758.94,183759.51,1789623861666.9,0,forward,0
21238,0,50,150,183908.94,183909.51,1789623861816.9,0,forward,0
21239,0,50,150,184058.94,184059.68,1789623861966.9,0,forward,0
21240,0,50,150,184208.94,184209.65,1789623862116.9,0,forward,0
21241,0,50,150,184358.94,184359.50,1789623862266.9,0,forward,0
21242,0,50,150,184508.94,184509.60,1789623862416.9,0,forward,0
21243,0,50,150,184658.94,184659.45,1789623862566.9,0,forward,0
21244,0,50,150,184808.94,184809.51,1789623862716.9,0,forward,0
21245,0,50,150,184958.95,184959.48,1789623862867.0,0,forward,0
21246,0,50,150,185108.94,185109.43,1789623863016.9,0,forward,0
21247,0,50,150,185258.94,185259.43,1789623863166.9,0,forward,0
21248,0,50,150,185408.94,185409.59,1789623863316.9,0,forward,0
21249,0,50,150,185558.96,185559.50,1789623863467.0,0,forward,0
21250,0,50,150,185708.94,185709.55,1789623863616.9,0,forward,0
21251,0,50,150,185858.94,185859.54,1789623863766.9,0,forward,0
21252,0,50,150,186008.94,186009.59,1789623863916.9,0,forward,0
21253,0,50,150,186158.94,186159.36,1789623864066.9,0,forward,0
21254,0,50,150,186308.94,186309.51,1789623864216.9,0,forward,0
21255,0,50,150,186458.95,186459.54,1789623864366.9,0,forward,0
21256,0,50,150,186608.94,186609.52,1789623864516.9,0,forward,0
21257,0,50,150,186758.94,186759.74,1789623864666.9,0,forward,0
21258,0,50,150,186908.94,186909.51,1789623864816.9,0,forward,0
21259,0,50,150,187058.95,187059.54,1789623864966.9,0,forward,0
21260,0,50,150,187208.94,187209.46,1789623865116.9,0,forward,0
21261,0,50,150,187358.94,187359.43,1789623865266.9,0,forward,0
21262,0,50,150,187508.94,187509.54,1789623865416.9,0,forward,0
21263,0,50,150,187658.94,187659.53,1789623865566.9,0,forward,0
21264,0,50,150,187808.94,187809.55,1789623865716.9,0,forward,0
21265,0,50,150,187958.94,187959.41,1789623865866.9,0,forward,0
21266,0,50,150,188108.94,188109.61,1789623866016.9,0,forward,0
21267,0,50,150,188258.94,188259.63,1789623866166.9,0,forward,0
21268,0,50,150,188408.94,188409.49,1789623866316.9,0,forward,0
21269,0,50,150,188558.94,188559.46,1789623866466.9,0,forward,0
21270,0,50,150,188709.10,188709.72,1789623866617.1,0,forward,0
21271,0,50,150,188858.94,188859.44,1789623866766.9,0,forward,0
21272,0,50,150,189008.94,189009.45,1789623866916.9,0,forward,0
21273,0,50,150,189158.94,189159.57,1789623867066.9,0,forward,0
21274,0,50,150,189308.94,189309.51,1789623867216.9,0,forward,0
21275,0,50,150,189458.94,189459.55,1789623867366.9,0,forward,0
21276,0,50,150,189608.94,189609.48,1789623867516.9,0,forward,0
21277,0,50,150,189758.94,189759.43,1789623867666.9,0,forward,0
21278,0,50,150,189908.94,189909.43,1789623867816.9,0,forward,0
21279,0,50,150,190058.94,190059.49,1789623867966.9,0,forward,0
21280,0,50,150,190208.94,190209.27,1789623868116.9,0,forward,0
21281,0,50,150,190358.94,190359.48,1789623868266.9,0,forward,0
21282,0,50,150,190508.94,190509.57,1789623868416.9,0,forward,0
21283,0,50,150,190658.94,190659.51,1789623868566.9,0,forward,0
21284,0,50,150,190808.94,190809.49,1789623868716.9,0,forward,0
21285,0,50,150,190958.94,190959.45,1789623868866.9,0,forward,0
21286,0,50,150,191108.94,191109.55,1789623869016.9,0,forward,0
21287,0,50,150,191258.94,191259.50,1789623869166.9,0,forward,0
21288,0,50,150,191408.94,191409.61,1789623869316.9,0,forward,0
21289,0,50,150,191558.94,191559.52,1789623869466.9,0,forward,0
21290,0,50,150,191708.94,191709.47,1789623869616.9,0,forward,0
21291,0,50,150,191858.96,191859.52,1789623869767.0,0,forward,0
21292,0,50,150,192008.94,192009.73,1789623869916.9,0,forward,0
21293,0,50,150,192158.94,192159.64,1789623870066.9,0,forward,0
21294,0,50,150,192308.94,192309.69,1789623870216.9,0,forward,0
21295,0,50,150,192458.94,192459.83,1789623870366.9,0,forward,0
21296,0,50,150,192608.94,192609.49,1789623870516.9,0,forward,0
21297,0,50,150,192758.94,192759.54,1789623870666.9,0,forward,0
21298,0,50,150,192908.94,192909.45,1789623870816.9,0,forward,0
21299,0,50,150,193058.94,193059.44,1789623870966.9,0,forward,0
21300,0,50,150,193059.50,193059.98,1789623870967.5,0,forward,0
21301,0,50,150,193209.50,193210.05,1789623871117.5,0,forward,0
21302,0,50,150,193359.50,193359.99,1789623871267.5,0,forward,0
21303,0,50,150,193509.50,193510.17,1789623871417.5,0,forward,0
21304,0,50,150,193659.50,193660.03,1789623871567.5,0,forward,0
21305,0,50,150,193809.54,193810.02,1789623871717.5,0,forward,0
21306,0,50,150,193959.50,193959.98,1789623871867.5,0,forward,0
21307,0,50,150,194109.50,194110.12,1789623872017.5,0,forward,0
21308,0,50,150,194259.50,194260.06,1789623872167.5,0,forward,0
21309,0,50,150,194409.50,194410.06,1789623872317.5,0,forward,0
21310,0,50,150,194559.68,194560.27,1789623872467.7,0,forward,0
21311,0,50,150,194709.50,194709.84,1789623872617.5,0,forward,0
21312,0,50,150,194859.50,194860.02,1789623872767.5,0,forward,0
21313,0,50,150,195009.50,195010.04,1789623872917.5,0,forward,0
21314,0,50,150,195159.50,195159.94,1789623873067.5,0,forward,0
21315,0,50,150,195309.50,195310.10,1789623873217.5,0,forward,0
21316,0,50,150,195459.52,195460.00,1789623873367.5,0,forward,0
21317,0,50,150,195609.50,195610.06,1789623873517.5,0,forward,0
21318,0,50,150,195759.50,195760.00,1789623873667.5,0,forward,0
21319,0,50,150,195909.50,195910.05,1789623873817.5,0,forward,0
21320,0,50,150,196059.50,196060.03,1789623873967.5,0,forward,0
21321,0,50,150,196209.50,196210.02,1789623874117.5,0,forward,0
21322,0,50,150,196359.50,196360.11,1789623874267.5,0,forward,0
21323,0,50,150,196509.50,196510.05,1789623874417.5,0,forward,0
21324,0,50,150,196659.50,196660.04,1789623874567.5,0,forward,0
21325,0,50,150,196809.50,196809.94,1789623874717.5,0,forward,0
21326,0,50,150,196959.50,196960.04,1789623874867.5,0,forward,0
21327,0,50,150,197109.60,197110.23,1789623875017.6,0,forward,0
21328,0,50,150,197259.50,197260.03,1789623875167.5,0,forward,0
21329,0,50,150,197409.51,197410.21,1789623875317.5,0,forward,0
21330,0,50,150,197559.50,197560.13,1789623875467.5,0,forward,0
21331,0,50,150,197709.50,197710.07,1789623875617.5,0,forward,0
21332,0,50,150,197859.98,197861.64,1789623875768.0,0,forward,0
21333,0,50,150,198009.50,198009.92,1789623875917.5,0,forward,0
21334,0,50,150,198159.50,198159.93,1789623876067.5,0,forward,0
21335,0,50,150,198309.57,198310.25,1789623876217.6,0,forward,0
21336,0,50,150,198459.50,198460.24,1789623876367.5,0,forward,0
21337,0,50,150,198609.50,198610.04,1789623876517.5,0,forward,0
21338,0,50,150,198759.51,198759.94,1789623876667.5,0,forward,0
21339,0,50,150,198909.50,198909.99,1789623876817.5,0,forward,0
21340,0,50,150,199059.50,199060.02,1789623876967.5,0,forward,0
21341,0,50,150,199209.50,199209.93,1789623877117.5,0,forward,0
21342,0,50,150,199359.50,199360.03,1789623877267.5,0,forward,0
21343,0,50,150,199509.50,199510.01,1789623877417.5,0,forward,0
21344,0,50,150,199659.50,199660.03,1789623877567.5,0,forward,0
21345,0,50,150,199809.50,199809.97,1789623877717.5,0,forward,0
21346,0,50,150,199959.50,199959.97,1789623877867.5,0,forward,0
21347,0,50,150,200109.50,200109.99,1789623878017.5,0,forward,0
21348,0,50,150,200259.50,200260.04,1789623878167.5,0,forward,0
21349,0,50,150,200409.50,200409.82,1789623878317.5,0,forward,0
21350,0,50,150,200559.59,200560.01,1789623878467.6,0,forward,0
21351,0,50,150,200709.50,200709.94,1789623878617.5,0,forward,0
21352,0,50,150,200859.50,200859.86,1789623878767.5,0,forward,0
21353,0,50,150,201009.50,201010.29,1789623878917.5,0,forward,0
21354,0,50,150,201159.50,201159.96,1789623879067.5,0,forward,0
21355,0,50,150,201309.50,201310.04,1789623879217.5,0,forward,0
21356,0,50,150,201459.50,201459.99,1789623879367.5,0,forward,0
21357,0,50,150,201609.50,201610.03,1789623879517.5,0,forward,0
21358,0,50,150,201759.50,201759.99,1789623879667.5,0,forward,0
21359,0,50,150,201909.57,201910.05,1789623879817.6,0,forward,0
21360,0,50,150,202059.50,202060.00,1789623879967.5,0,forward,0
21361,0,50,150,202209.50,202210.06,1789623880117.5,0,forward,0
21362,0,50,150,202359.50,202359.97,1789623880267.5,0,forward,0
21363,0,50,150,202509.50,202510.02,1789623880417.5,0,forward,0
21364,0,50,150,202659.50,202659.98,1789623880567.5,0,forward,0
21365,0,50,150,202809.50,202810.01,1789623880717.5,0,forward,0
21366,0,50,150,202959.50,202960.21,1789623880867.5,0,forward,0
21367,0,50,150,203109.50,203110.07,1789623881017.5,0,forward,0
21368,0,50,150,203259.50,203260.04,1789623881167.5,0,forward,0
21369,0,50,150,203409.50,203410.08,1789623881317.5,0,forward,0
21370,0,50,150,203559.50,203560.23,1789623881467.5,0,forward,0
21371,0,50,150,203709.50,203710.04,1789623881617.5,0,forward,0
21372,0,50,150,203859.50,203860.25,1789623881767.5,0,forward,0
21373,0,50,150,204009.50,204010.07,1789623881917.5,0,forward,0
21374,0,50,150,204159.50,204160.30,1789623882067.5,0,forward,0
21375,0,50,150,204309.52,204310.08,1789623882217.5,0,forward,0
21376,0,50,150,204459.50,204460.06,1789623882367.5,0,forward,0
21377,0,50,150,204609.50,204610.25,1789623882517.5,0,forward,0
21378,0,50,150,204759.69,204760.09,1789623882667.7,0,forward,0
21379,0,50,150,204909.50,204910.02,1789623882817.5,0,forward,0
21380,0,50,150,205059.50,205060.01,1789623882967.5,0,forward,0
21381,0,50,150,205209.50,205210.02,1789623883117.5,0,forward,0
21382,0,50,150,205359.50,205360.00,1789623883267.5,0,forward,0
21383,0,50,150,205509.66,205510.21,1789623883417.7,0,forward,0
21384,0,50,150,205659.52,205660.12,1789623883567.5,0,forward,0
21385,0,50,150,205809.50,205810.06,1789623883717.5,0,forward,0
21386,0,50,150,205959.50,205960.13,1789623883867.5,0,forward,0
21387,0,50,150,206109.50,206110.01,1789623884017.5,0,forward,0
21388,0,50,150,206259.50,206260.12,1789623884167.5,0,forward,0
21389,0,50,150,206409.50,206410.09,1789623884317.5,0,forward,0
21390,0,50,150,206559.53,206560.20,1789623884467.5,0,forward,0
21391,0,50,150,206709.50,206710.24,1789623884617.5,0,forward,0
21392,0,50,150,206859.50,206860.14,1789623884767.5,0,forward,0
21393,0,50,150,207009.50,207009.93,1789623884917.5,0,forward,0
21394,0,50,150,207159.50,207160.06,1789623885067.5,0,forward,0
21395,0,50,150,207309.50,207310.18,1789623885217.5,0,forward,0
21396,0,50,150,207459.50,207460.03,1789623885367.5,0,forward,0
21397,0,50,150,207609.50,207610.21,1789623885517.5,0,forward,0
21398,0,50,150,207759.64,207760.22,1789623885667.6,0,forward,0
21399,0,50,150,207909.50,207910.13,1789623885817.5,0,forward,0
21400,0,50,150,207910.20,207910.82,1789623885818.2,0,forward,0
21401,0,50,150,208060.20,208060.75,1789623885968.2,0,forward,0
21402,0,50,150,208210.20,208210.81,1789623886118.2,0,forward,0
21403,0,50,150,208360.20,208360.75,1789623886268.2,0,forward,0
21404,0,50,150,208510.20,208510.84,1789623886418.2,0,forward,0
21405,0,50,150,208660.20,208660.65,1789623886568.2,0,forward,0
21406,0,50,150,208810.20,208810.94,1789623886718.2,0,forward,0
21407,0,50,150,208960.20,208960.90,1789623886868.2,0,forward,0
21408,0,50,150,209110.20,209111.13,1789623887018.2,0,forward,0
21409,0,50,150,209260.20,209260.70,1789623887168.2,0,forward,0
21410,0,50,150,209410.20,209410.81,1789623887318.2,0,forward,0
21411,0,50,150,209560.20,209560.62,1789623887468.2,0,forward,0
21412,0,50,150,209710.20,209710.82,1789623887618.2,0,forward,0
21413,0,50,150,209860.20,209860.74,1789623887768.2,0,forward,0
21414,0,50,150,210010.20,210010.68,1789623887918.2,0,forward,0
21415,0,50,150,210160.20,210160.66,1789623888068.2,0,forward,0
21416,0,50,150,210310.20,210310.63,1789623888218.2,0,forward,0
21417,0,50,150,210460.20,210460.79,1789623888368.2,0,forward,0
21418,0,50,150,210610.20,210610.84,1789623888518.2,0,forward,0
21419,0,50,150,210760.20,210760.76,1789623888668.2,0,forward,0
21420,0,50,150,210911.15,210911.86,1789623888819.2,0,forward,0
21421,0,50,150,211060.20,211060.58,1789623888968.2,0,forward,0
21422,0,50,150,211210.20,211210.78,1789623889118.2,0,forward,0
21423,0,50,150,211360.42,211361.07,1789623889268.4,0,forward,0
21424,0,50,150,211510.20,211510.73,1789623889418.2,0,forward,0
21425,0,50,150,211660.20,211661.14,1789623889568.2,0,forward,0
21426,0,50,150,211810.20,211810.83,1789623889718.2,0,forward,0
21427,0,50,150,211960.20,211960.78,1789623889868.2,0,forward,0
21428,0,50,150,212110.21,212110.80,1789623890018.2,0,forward,0
21429,0,50,150,212260.20,212260.82,1789623890168.2,0,forward,0
21430,0,50,150,212410.20,212410.82,1789623890318.2,0,forward,0
21431,0,50,150,212560.20,212560.75,1789623890468.2,0,forward,0
21432,0,50,150,212710.20,212710.70,1789623890618.2,0,forward,0
21433,0,50,150,212860.20,212860.96,1789623890768.2,0,forward,0
21434,0,50,150,213010.29,213010.83,1789623890918.3,0,forward,0
21435,0,50,150,213160.20,213160.81,1789623891068.2,0,forward,0
21436,0,50,150,213310.20,213310.72,1789623891218.2,0,forward,0
21437,0,50,150,213460.20,213460.88,1789623891368.2,0,forward,0
21438,0,50,150,213610.20,213610.95,1789623891518.2,0,forward,0
21439,0,50,150,213760.20,213760.78,1789623891668.2,0,forward,0
21440,0,50,150,213910.20,213910.66,1789623891818.2,0,forward,0
21441,0,50,150,214060.20,214060.73,1789623891968.2,0,forward,0
21442,0,50,150,214210.20,214210.75,1789623892118.2,0,forward,0
21443,0,50,150,214360.20,214360.83,1789623892268.2,0,forward,0
21444,0,50,150,214510.20,214510.93,1789623892418.2,0,forward,0
21445,0,50,150,214660.20,214660.97,1789623892568.2,0,forward,0
21446,0,50,150,214810.20,214810.75,1789623892718.2,0,forward,0
21447,0,50,150,214960.21,214961.03,1789623892868.2,0,forward,0
21448,0,50,150,215110.20,215110.68,1789623893018.2,0,forward,0
21449,0,50,150,215260.20,215261.16,1789623893168.2,0,forward,0
21450,0,50,150,215410.20,215410.74,1789623893318.2,0,forward,0
21451,0,50,150,215560.20,215561.05,1789623893468.2,0,forward,0
21452,0,50,150,215710.20,215710.83,1789623893618.2,0,forward,0
21453,0,50,150,215860.20,215860.89,1789623893768.2,0,forward,0
21454,0,50,150,216010.20,216010.95,1789623893918.2,0,forward,0
21455,0,50,150,216160.20,216160.84,1789623894068.2,0,forward,0
21456,0,50,150,216310.20,216310.72,1789623894218.2,0,forward,0
21457,0,50,150,216460.20,216460.72,1789623894368.2,0,forward,0
21458,0,50,150,216610.20,216610.82,1789623894518.2,0,forward,0
21459,0,50,150,216760.20,216760.72,1789623894668.2,0,forward,0
21460,0,50,150,216910.20,216910.76,1789623894818.2,0,forward,0
21461,0,50,150,217060.20,217060.82,1789623894968.2,0,forward,0
21462,0,50,150,217210.20,217210.68,1789623895118.2,0,forward,0
21463,0,50,150,217360.20,217360.71,1789623895268.2,0,forward,0
21464,0,50,150,217510.20,217510.73,1789623895418.2,0,forward,0
21465,0,50,150,217660.20,217660.76,1789623895568.2,0,forward,0
21466,0,50,150,217810.20,217810.60,1789623895718.2,0,forward,0
21467,0,50,150,217961.09,217961.63,1789623895869.1,0,forward,0
21468,0,50,150,218110.20,218110.72,1789623896018.2,0,forward,0
21469,0,50,150,218260.24,218260.77,1789623896168.2,0,forward,0
21470,0,50,150,218411.09,218411.47,1789623896319.1,0,forward,0
21471,0,50,150,218560.20,218560.78,1789623896468.2,0,forward,0
21472,0,50,150,218710.20,218710.75,1789623896618.2,0,forward,0
21473,0,50,150,218860.20,218860.70,1789623896768.2,0,forward,0
21474,0,50,150,219010.20,219010.66,1789623896918.2,0,forward,0
21475,0,50,150,219160.20,219160.63,1789623897068.2,0,forward,0
21476,0,50,150,219310.25,219310.72,1789623897218.3,0,forward,0
21477,0,50,150,219460.20,219460.72,1789623897368.2,0,forward,0
21478,0,50,150,219610.20,219610.76,1789623897518.2,0,forward,0
21479,0,50,150,219760.20,219760.72,1789623897668.2,0,forward,0
21480,0,50,150,219910.20,219910.77,1789623897818.2,0,forward,0
21481,0,50,150,220061.47,220061.96,1789623897969.5,0,forward,0
21482,0,50,150,220210.20,220210.58,1789623898118.2,0,forward,0
21483,0,50,150,220360.20,220360.72,1789623898268.2,0,forward,0
21484,0,50,150,220510.20,220510.68,1789623898418.2,0,forward,0
21485,0,50,150,220660.20,220660.60,1789623898568.2,0,forward,0
21486,0,50,150,220810.20,220810.69,1789623898718.2,0,forward,0
21487,0,50,150,220960.20,220960.62,1789623898868.2,0,forward,0
21488,0,50,150,221110.20,221110.65,1789623899018.2,0,forward,0
21489,0,50,150,221260.20,221260.69,1789623899168.2,0,forward,0
21490,0,50,150,221410.20,221410.68,1789623899318.2,0,forward,0
21491,0,50,150,221560.20,221560.72,1789623899468.2,0,forward,0
21492,0,50,150,221710.20,221710.67,1789623899618.2,0,forward,0
21493,0,50,150,221860.20,221860.73,1789623899768.2,0,forward,0
21494,0,50,150,222010.20,222010.72,1789623899918.2,0,forward,0
21495,0,50,150,222160.20,222160.74,1789623900068.2,0,forward,0
21496,0,50,150,222310.35,222310.87,1789623900218.4,0,forward,0
21497,0,50,150,222460.20,222460.71,1789623900368.2,0,forward,0
21498,0,50,150,222610.20,222610.76,1789623900518.2,0,forward,0
21499,0,50,150,222761.15,222761.63,1789623900669.2,0,forward,0
21500,0,50,150,222761.66,222762.14,1789623900669.7,0,forward,0
21501,0,50,150,222911.66,222912.14,1789623900819.7,0,forward,0
21502,0,50,150,223061.66,223062.22,1789623900969.7,0,forward,0
21503,0,50,150,223211.66,223212.35,1789623901119.7,0,forward,0
21504,0,50,150,223361.66,223362.09,1789623901269.7,0,forward,0
21505,0,50,150,223511.66,223512.05,1789623901419.7,0,forward,0
21506,0,50,150,223661.66,223662.25,1789623901569.7,0,forward,0
21507,0,50,150,223811.67,223812.15,1789623901719.7,0,forward,0
21508,0,50,150,223961.66,223962.18,1789623901869.7,0,forward,0
21509,0,50,150,224111.66,224112.07,1789623902019.7,0,forward,0
21510,0,50,150,224261.66,224262.13,1789623902169.7,0,forward,0
21511,0,50,150,224411.66,224412.16,1789623902319.7,0,forward,0
21512,0,50,150,224561.66,224562.06,1789623902469.7,0,forward,0
21513,0,50,150,224711.67,224712.15,1789623902619.7,0,forward,0
21514,0,50,150,224861.66,224862.24,1789623902769.7,0,forward,0
21515,0,50,150,225011.66,225012.12,1789623902919.7,0,forward,0
21516,0,50,150,225161.66,225162.16,1789623903069.7,0,forward,0
21517,0,50,150,225311.66,225312.18,1789623903219.7,0,forward,0
21518,0,50,150,225461.66,225462.20,1789623903369.7,0,forward,0
21519,0,50,150,225611.66,225612.20,1789623903519.7,0,forward,0
21520,0,50,150,225761.66,225762.18,1789623903669.7,0,forward,0
21521,0,50,150,225911.66,225912.24,1789623903819.7,0,forward,0
21522,0,50,150,226061.66,226062.23,1789623903969.7,0,forward,0
21523,0,50,150,226211.66,226212.21,1789623904119.7,0,forward,0
21524,0,50,150,226361.66,226362.14,1789623904269.7,0,forward,0
21525,0,50,150,226511.66,226512.16,1789623904419.7,0,forward,0
21526,0,50,150,226661.66,226662.25,1789623904569.7,0,forward,0
21527,0,50,150,226811.66,226812.19,1789623904719.7,0,forward,0
21528,0,50,150,226961.66,226962.11,1789623904869.7,0,forward,0
21529,0,50,150,227111.66,227112.17,1789623905019.7,0,forward,0
21530,0,50,150,227261.66,227262.10,1789623905169.7,0,forward,0
21531,0,50,150,227411.66,227412.13,1789623905319.7,0,forward,0
21532,0,50,150,227561.66,227562.31,1789623905469.7,0,forward,0
21533,0,50,150,227711.66,227712.00,1789623905619.7,0,forward,0
21534,0,50,150,227861.66,227862.06,1789623905769.7,0,forward,0
21535,0,50,150,228011.66,228012.11,1789623905919.7,0,forward,0
21536,0,50,150,228161.67,228162.14,1789623906069.7,0,forward,0
21537,0,50,150,228311.66,228312.18,1789623906219.7,0,forward,0
21538,0,50,150,228461.66,228462.23,1789623906369.7,0,forward,0
21539,0,50,150,228611.66,228612.27,1789623906519.7,0,forward,0
21540,0,50,150,228761.66,228762.18,1789623906669.7,0,forward,0
21541,0,50,150,228911.66,228912.21,1789623906819.7,0,forward,0
21542,0,50,150,229061.67,229062.22,1789623906969.7,0,forward,0
21543,0,50,150,229211.66,229212.06,1789623907119.7,0,forward,0
21544,0,50,150,229361.66,229362.27,1789623907269.7,0,forward,0
21545,0,50,150,229511.66,229512.27,1789623907419.7,0,forward,0
21546,0,50,150,229661.66,229662.28,1789623907569.7,0,forward,0
21547,0,50,150,229811.66,229812.18,1789623907719.7,0,forward,0
21548,0,50,150,229961.66,229962.17,1789623907869.7,0,forward,0
21549,0,50,150,230111.66,230112.11,1789623908019.7,0,forward,0
21550,0,50,150,230261.66,230262.17,1789623908169.7,0,forward,0
21551,0,50,150,230411.66,230412.20,1789623908319.7,0,forward,0
21552,0,50,150,230561.66,230562.17,1789623908469.7,0,forward,0
21553,0,50,150,230711.66,230712.20,1789623908619.7,0,forward,0
21554,0,50,150,230861.66,230862.16,1789623908769.7,0,forward,0
21555,0,50,150,231011.66,231012.16,1789623908919.7,0,forward,0
21556,0,50,150,231161.66,231162.21,1789623909069.7,0,forward,0
21557,0,50,150,231311.66,231312.22,1789623909219.7,0,forward,0
21558,0,50,150,231461.66,231462.26,1789623909369.7,0,forward,0
21559,0,50,150,231611.66,231612.21,1789623909519.7,0,forward,0
21560,0,50,150,231761.66,231762.14,1789623909669.7,0,forward,0
21561,0,50,150,231911.92,231912.50,1789623909819.9,0,forward,0
21562,0,50,150,232061.66,232062.19,1789623909969.7,0,forward,0
21563,0,50,150,232211.66,232212.00,1789623910119.7,0,forward,0
21564,0,50,150,232361.66,232362.20,1789623910269.7,0,forward,0
21565,0,50,150,232511.66,232512.19,1789623910419.7,0,forward,0
21566,0,50,150,232661.66,232662.09,1789623910569.7,0,forward,0
21567,0,50,150,232811.66,232812.13,1789623910719.7,0,forward,0
21568,0,50,150,232961.66,232962.08,1789623910869.7,0,forward,0
21569,0,50,150,233111.66,233112.02,1789623911019.7,0,forward,0
21570,0,50,150,233261.66,233262.25,1789623911169.7,0,forward,0
21571,0,50,150,233411.66,233412.05,1789623911319.7,0,forward,0
21572,0,50,150,233561.67,233562.18,1789623911469.7,0,forward,0
21573,0,50,150,233711.66,233712.23,1789623911619.7,0,forward,0
21574,0,50,150,233861.66,233862.19,1789623911769.7,0,forward,0
21575,0,50,150,234011.66,234012.26,1789623911919.7,0,forward,0
21576,0,50,150,234161.66,234162.18,1789623912069.7,0,forward,0
21577,0,50,150,234311.66,234312.17,1789623912219.7,0,forward,0
21578,0,50,150,234461.66,234462.17,1789623912369.7,0,forward,0
21579,0,50,150,234611.66,234612.25,1789623912519.7,0,forward,0
21580,0,50,150,234761.66,234762.04,1789623912669.7,0,forward,0
21581,0,50,150,234911.66,234912.01,1789623912819.7,0,forward,0
21582,0,50,150,235061.66,235062.13,1789623912969.7,0,forward,0
21583,0,50,150,235211.66,235212.38,1789623913119.7,0,forward,0
21584,0,50,150,235361.66,235362.26,1789623913269.7,0,forward,0
21585,0,50,150,235511.66,235512.18,1789623913419.7,0,forward,0
21586,0,50,150,235661.66,235662.10,1789623913569.7,0,forward,0
21587,0,50,150,235811.66,235812.05,1789623913719.7,0,forward,0
21588,0,50,150,235961.66,235962.13,1789623913869.7,0,forward,0
21589,0,50,150,236111.66,236112.11,1789623914019.7,0,forward,0
21590,0,50,150,236261.66,236262.20,1789623914169.7,0,forward,0
21591,0,50,150,236411.66,236412.20,1789623914319.7,0,forward,0
21592,0,50,150,236561.66,236562.19,1789623914469.7,0,forward,0
21593,0,50,150,236711.66,236712.15,1789623914619.7,0,forward,0
21594,0,50,150,236861.66,236862.18,1789623914769.7,0,forward,0
21595,0,50,150,237011.66,237012.36,1789623914919.7,0,forward,0
21596,0,50,150,237161.66,237162.17,1789623915069.7,0,forward,0
21597,0,50,150,237311.66,237312.31,1789623915219.7,0,forward,0
21598,0,50,150,237461.66,237462.20,1789623915369.7,0,forward,0
21599,0,50,150,237611.66,237612.25,1789623915519.7,0,forward,0
21600,0,50,150,237612.29,237612.77,1789623915520.3,0,forward,0
21601,0,50,150,237762.29,237762.72,1789623915670.3,0,forward,0
21602,0,50,150,237912.29,237912.81,1789623915820.3,0,forward,0
21603,0,50,150,238062.29,238062.82,1789623915970.3,0,forward,0
21604,0,50,150,238212.29,238212.75,1789623916120.3,0,forward,0
21605,0,50,150,238362.29,238362.74,1789623916270.3,0,forward,0
21606,0,50,150,238512.29,238512.84,1789623916420.3,0,forward,0
21607,0,50,150,238662.29,238662.87,1789623916570.3,0,forward,0
21608,0,50,150,238812.29,238812.89,1789623916720.3,0,forward,0
21609,0,50,150,238962.29,238962.86,1789623916870.3,0,forward,0
21610,0,50,150,239112.29,239112.86,1789623917020.3,0,forward,0
21611,0,50,150,239262.29,239262.69,1789623917170.3,0,forward,0
21612,0,50,150,239412.29,239412.79,1789623917320.3,0,forward,0
21613,0,50,150,239562.29,239562.85,1789623917470.3,0,forward,0
21614,0,50,150,239712.29,239712.79,1789623917620.3,0,forward,0
21615,0,50,150,239862.29,239862.82,1789623917770.3,0,forward,0
21616,0,50,150,240012.29,240012.99,1789623917920.3,0,forward,0
21617,0,50,150,240162.29,240162.61,1789623918070.3,0,forward,0
21618,0,50,150,240312.29,240312.82,1789623918220.3,0,forward,0
21619,0,50,150,240463.10,240463.63,1789623918371.1,0,forward,0
21620,0,50,150,240612.29,240612.64,1789623918520.3,0,forward,0
21621,0,50,150,240763.13,240763.72,1789623918671.1,0,forward,0
21622,0,50,150,240912.29,240912.78,1789623918820.3,0,forward,0
21623,0,50,150,241062.29,241062.83,1789623918970.3,0,forward,0
21624,0,50,150,241212.29,241212.79,1789623919120.3,0,forward,0
21625,0,50,150,241362.29,241362.86,1789623919270.3,0,forward,0
21626,0,50,150,241512.29,241512.72,1789623919420.3,0,forward,0
21627,0,50,150,241693.43,241694.18,1789623919601.4,0,forward,0
21628,0,50,150,241812.29,241812.96,1789623919720.3,0,forward,0
21629,0,50,150,241962.29,241962.79,1789623919870.3,0,forward,0
21630,0,50,150,242113.16,242113.76,1789623920021.2,0,forward,0
21631,0,50,150,242262.29,242262.79,1789623920170.3,0,forward,0
21632,0,50,150,242412.29,242413.03,1789623920320.3,0,forward,0
21633,0,50,150,242562.29,242562.87,1789623920470.3,0,forward,0
21634,0,50,150,242712.29,242712.76,1789623920620.3,0,forward,0
21635,0,50,150,242862.29,242862.74,1789623920770.3,0,forward,0
21636,0,50,150,243012.29,243012.80,1789623920920.3,0,forward,0
21637,0,50,150,243162.29,243162.72,1789623921070.3,0,forward,0
21638,0,50,150,243312.29,243312.65,1789623921220.3,0,forward,0
21639,0,50,150,243462.29,243462.83,1789623921370.3,0,forward,0
21640,0,50,150,243612.29,243612.83,1789623921520.3,0,forward,0
21641,0,50,150,243762.29,243762.82,1789623921670.3,0,forward,0
21642,0,50,150,243912.29,243912.80,1789623921820.3,0,forward,0
21643,0,50,150,244063.16,244063.57,1789623921971.2,0,forward,0
21644,0,50,150,244229.46,244230.30,1789623922137.5,0,forward,0
21645,0,50,150,244362.40,244362.83,1789623922270.4,0,forward,0
21646,0,50,150,244512.29,244512.80,1789623922420.3,0,forward,0
21647,0,50,150,244662.29,244662.86,1789623922570.3,0,forward,0
21648,0,50,150,244812.29,244812.76,1789623922720.3,0,forward,0
21649,0,50,150,244962.29,244962.66,1789623922870.3,0,forward,0
21650,0,50,150,245112.29,245112.79,1789623923020.3,0,forward,0
21651,0,50,150,245262.29,245262.71,1789623923170.3,0,forward,0
21652,0,50,150,245412.29,245412.81,1789623923320.3,0,forward,0
21653,0,50,150,245562.29,245562.84,1789623923470.3,0,forward,0
21654,0,50,150,245712.29,245712.64,1789623923620.3,0,forward,0
21655,0,50,150,245862.29,245862.79,1789623923770.3,0,forward,0
21656,0,50,150,246012.29,246012.82,1789623923920.3,0,forward,0
21657,0,50,150,246162.29,246162.77,1789623924070.3,0,forward,0
21658,0,50,150,246312.29,246312.80,1789623924220.3,0,forward,0
21659,0,50,150,246462.31,246462.79,1789623924370.3,0,forward,0
21660,0,50,150,246612.29,246612.80,1789623924520.3,0,forward,0
21661,0,50,150,246762.29,246762.72,1789623924670.3,0,forward,0
21662,0,50,150,246912.29,246912.82,1789623924820.3,0,forward,0
21663,0,50,150,247062.29,247062.81,1789623924970.3,0,forward,0
21664,0,50,150,247212.29,247212.79,1789623925120.3,0,forward,0
21665,0,50,150,247362.29,247362.79,1789623925270.3,0,forward,0
21666,0,50,150,247512.29,247512.78,1789623925420.3,0,forward,0
21667,0,50,150,247662.29,247662.84,1789623925570.3,0,forward,0
21668,0,50,150,247812.29,247812.68,1789623925720.3,0,forward,0
21669,0,50,150,247962.29,247962.83,1789623925870.3,0,forward,0
21670,0,50,150,248112.29,248112.80,1789623926020.3,0,forward,0
21671,0,50,150,248262.29,248262.80,1789623926170.3,0,forward,0
21672,0,50,150,248412.29,248412.82,1789623926320.3,0,forward,0
21673,0,50,150,248562.29,248562.79,1789623926470.3,0,forward,0
21674,0,50,150,248713.15,248714.00,1789623926621.2,0,forward,0
21675,0,50,150,248862.29,248862.80,1789623926770.3,0,forward,0
21676,0,50,150,249012.29,249012.81,1789623926920.3,0,forward,0
21677,0,50,150,249162.29,249162.82,1789623927070.3,0,forward,0
21678,0,50,150,249312.29,249312.74,1789623927220.3,0,forward,0
21679,0,50,150,249462.35,249462.88,1789623927370.4,0,forward,0
21680,0,50,150,249612.29,249612.82,1789623927520.3,0,forward,0
21681,0,50,150,249762.29,249762.73,1789623927670.3,0,forward,0
21682,0,50,150,249912.29,249912.82,1789623927820.3,0,forward,0
21683,0,50,150,250062.29,250062.74,1789623927970.3,0,forward,0
21684,0,50,150,250212.29,250212.75,1789623928120.3,0,forward,0
21685,0,50,150,250362.29,250363.07,1789623928270.3,0,forward,0
21686,0,50,150,250512.29,250512.74,1789623928420.3,0,forward,0
21687,0,50,150,250662.29,250662.80,1789623928570.3,0,forward,0
21688,0,50,150,250812.29,250812.78,1789623928720.3,0,forward,0
21689,0,50,150,250962.44,250963.36,1789623928870.4,0,forward,0
21690,0,50,150,251112.29,251112.82,1789623929020.3,0,forward,0
21691,0,50,150,251262.29,251262.81,1789623929170.3,0,forward,0
21692,0,50,150,251412.29,251412.79,1789623929320.3,0,forward,0
21693,0,50,150,251562.29,251562.82,1789623929470.3,0,forward,0
21694,0,50,150,251713.22,251713.86,1789623929621.2,0,forward,0
21695,0,50,150,251862.29,251862.82,1789623929770.3,0,forward,0
21696,0,50,150,252012.29,252012.68,1789623929920.3,0,forward,0
21697,0,50,150,252162.29,252162.70,1789623930070.3,0,forward,0
21698,0,50,150,252312.29,252312.83,1789623930220.3,0,forward,0
21699,0,50,150,252462.29,252462.80,1789623930370.3,0,forward,0
21700,0,50,150,252462.83,252463.31,1789623930370.8,0,forward,0
21701,0,50,150,252612.83,252613.38,1789623930520.8,0,forward,0
21702,0,50,150,252762.83,252763.32,1789623930670.8,0,forward,0
21703,0,50,150,252912.83,252913.35,1789623930820.8,0,forward,0
21704,0,50,150,253062.83,253063.42,1789623930970.8,0,forward,0
21705,0,50,150,253212.83,253214.30,1789623931120.8,0,forward,0
21706,0,50,150,253362.83,253363.38,1789623931270.8,0,forward,0
21707,0,50,150,253512.83,253513.32,1789623931420.8,0,forward,0
21708,0,50,150,253662.83,253663.35,1789623931570.8,0,forward,0
21709,0,50,150,253812.83,253813.54,1789623931720.8,0,forward,0
21710,0,50,150,253962.83,253963.41,1789623931870.8,0,forward,0
21711,0,50,150,254112.96,254113.50,1789623932021.0,0,forward,0
21712,0,50,150,254262.83,254263.50,1789623932170.8,0,forward,0
21713,0,50,150,254412.83,254413.28,1789623932320.8,0,forward,0
21714,0,50,150,254562.83,254563.53,1789623932470.8,0,forward,0
21715,0,50,150,254712.83,254713.44,1789623932620.8,0,forward,0
21716,0,50,150,254862.85,254863.46,1789623932770.8,0,forward,0
21717,0,50,150,255012.83,255013.45,1789623932920.8,0,forward,0
21718,0,50,150,255162.83,255163.52,1789623933070.8,0,forward,0
21719,0,50,150,255312.83,255313.30,1789623933220.8,0,forward,0
21720,0,50,150,255462.83,255463.45,1789623933370.8,0,forward,0
21721,0,50,150,255612.85,255613.49,1789623933520.8,0,forward,0
21722,0,50,150,255762.83,255763.40,1789623933670.8,0,forward,0
21723,0,50,150,255912.83,255913.48,1789623933820.8,0,forward,0
21724,0,50,150,256062.83,256063.41,1789623933970.8,0,forward,0
21725,0,50,150,256212.83,256213.38,1789623934120.8,0,forward,0
21726,0,50,150,256362.83,256363.32,1789623934270.8,0,forward,0
21727,0,50,150,256512.83,256513.49,1789623934420.8,0,forward,0
21728,0,50,150,256662.83,256663.46,1789623934570.8,0,forward,0
21729,0,50,150,256812.83,256813.45,1789623934720.8,0,forward,0
21730,0,50,150,256962.83,256963.42,1789623934870.8,0,forward,0
21731,0,50,150,257112.83,257113.39,1789623935020.8,0,forward,0
21732,0,50,150,257262.87,257263.47,1789623935170.9,0,forward,0
21733,0,50,150,257412.84,257413.56,1789623935320.8,0,forward,0
21734,0,50,150,257562.83,257563.48,1789623935470.8,0,forward,0
21735,0,50,150,257712.83,257713.40,1789623935620.8,0,forward,0
21736,0,50,150,257862.88,257863.47,1789623935770.9,0,forward,0
21737,0,50,150,258012.87,258013.86,1789623935920.9,0,forward,0
21738,0,50,150,258162.83,258163.66,1789623936070.8,0,forward,0
21739,0,50,150,258312.83,258313.38,1789623936220.8,0,forward,0
21740,0,50,150,258462.83,258463.52,1789623936370.8,0,forward,0
21741,0,50,150,258612.83,258613.46,1789623936520.8,0,forward,0
21742,0,50,150,258762.83,258763.71,1789623936670.8,0,forward,0
21743,0,50,150,258912.83,258913.62,1789623936820.8,0,forward,0
21744,0,50,150,259062.83,259063.44,1789623936970.8,0,forward,0
21745,0,50,150,259212.83,259213.83,1789623937120.8,0,forward,0
21746,0,50,150,259362.83,259363.30,1789623937270.8,0,forward,0
21747,0,50,150,259512.93,259513.54,1789623937420.9,0,forward,0
21748,0,50,150,259662.83,259663.46,1789623937570.8,0,forward,0
21749,0,50,150,259812.83,259813.36,1789623937720.8,0,forward,0
21750,0,50,150,259962.83,259963.56,1789623937870.8,0,forward,0
21751,0,50,150,260112.83,260113.57,1789623938020.8,0,forward,0
21752,0,50,150,260262.83,260263.49,1789623938170.8,0,forward,0
21753,0,50,150,260412.84,260413.53,1789623938320.8,0,forward,0
21754,0,50,150,260562.83,260563.56,1789623938470.8,0,forward,0
21755,0,50,150,260712.83,260713.47,1789623938620.8,0,forward,0
21756,0,50,150,260862.83,260863.68,1789623938770.8,0,forward,0
21757,0,50,150,261013.00,261013.66,1789623938921.0,0,forward,0
21758,0,50,150,261162.83,261163.71,1789623939070.8,0,forward,0
21759,0,50,150,261312.83,261313.38,1789623939220.8,0,forward,0
21760,0,50,150,261462.83,261463.55,1789623939370.8,0,forward,0
21761,0,50,150,261612.83,261613.63,1789623939520.8,0,forward,0
21762,0,50,150,261762.83,261763.56,1789623939670.8,0,forward,0
21763,0,50,150,261912.83,261913.54,1789623939820.8,0,forward,0
21764,0,50,150,262062.83,262063.51,1789623939970.8,0,forward,0
21765,0,50,150,262212.83,262213.56,1789623940120.8,0,forward,0
21766,0,50,150,262362.83,262363.70,1789623940270.8,0,forward,0
21767,0,50,150,262512.83,262513.56,1789623940420.8,0,forward,0
21768,0,50,150,262662.84,262663.51,1789623940570.8,0,forward,0
21769,0,50,150,262812.83,262813.42,1789623940720.8,0,forward,0
21770,0,50,150,262962.83,262963.66,1789623940870.8,0,forward,0
21771,0,50,150,263112.83,263113.44,1789623941020.8,0,forward,0
21772,0,50,150,263262.83,263263.36,1789623941170.8,0,forward,0
21773,0,50,150,263412.83,263413.37,1789623941320.8,0,forward,0
21774,0,50,150,263562.83,263563.37,1789623941470.8,0,forward,0
21775,0,50,150,263712.83,263713.35,1789623941620.8,0,forward,0
21776,0,50,150,263862.95,263863.45,1789623941771.0,0,forward,0
21777,0,50,150,264012.83,264013.31,1789623941920.8,0,forward,0
21778,0,50,150,264162.83,264163.31,1789623942070.8,0,forward,0
21779,0,50,150,264312.83,264313.38,1789623942220.8,0,forward,0
21780,0,50,150,264462.83,264463.31,1789623942370.8,0,forward,0
21781,0,50,150,264612.83,264613.37,1789623942520.8,0,forward,0
21782,0,50,150,264762.83,264763.35,1789623942670.8,0,forward,0
21783,0,50,150,264912.83,264913.40,1789623942820.8,0,forward,0
21784,0,50,150,265062.83,265063.33,1789623942970.8,0,forward,0
21785,0,50,150,265212.83,265213.33,1789623943120.8,0,forward,0
21786,0,50,150,265362.83,265363.39,1789623943270.8,0,forward,0
21787,0,50,150,265512.83,265513.20,1789623943420.8,0,forward,0
21788,0,50,150,265662.83,265663.38,1789623943570.8,0,forward,0
21789,0,50,150,265812.83,265813.28,1789623943720.8,0,forward,0
21790,0,50,150,265962.83,265963.34,1789623943870.8,0,forward,0
21791,0,50,150,266112.83,266113.27,1789623944020.8,0,forward,0
21792,0,50,150,266262.83,266263.22,1789623944170.8,0,forward,0
21793,0,50,150,266412.87,266414.05,1789623944320.9,0,forward,0
21794,0,50,150,266562.83,266563.28,1789623944470.8,0,forward,0
21795,0,50,150,266712.83,266713.29,1789623944620.8,0,forward,0
21796,0,50,150,266862.83,266863.19,1789623944770.8,0,forward,0
21797,0,50,150,267012.83,267013.52,1789623944920.8,0,forward,0
21798,0,50,150,267162.83,267163.35,1789623945070.8,0,forward,0
21799,0,50,150,267312.83,267313.34,1789623945220.8,0,forward,0
21800,0,50,150,267313.37,267313.86,1789623945221.4,0,forward,0
21801,0,50,150,267463.38,267463.98,1789623945371.4,0,forward,0
21802,0,50,150,267613.46,267613.96,1789623945521.5,0,forward,0
21803,0,50,150,267763.37,267763.99,1789623945671.4,0,forward,0
21804,0,50,150,267913.37,267913.89,1789623945821.4,0,forward,0
21805,0,50,150,268063.37,268063.69,1789623945971.4,0,forward,0
21806,0,50,150,268213.38,268213.92,1789623946121.4,0,forward,0
21807,0,50,150,268363.38,268363.92,1789623946271.4,0,forward,0
21808,0,50,150,268513.37,268513.87,1789623946421.4,0,forward,0
21809,0,50,150,268663.38,268663.89,1789623946571.4,0,forward,0
21810,0,50,150,268813.37,268813.88,1789623946721.4,0,forward,0
21811,0,50,150,268963.37,268963.87,1789623946871.4,0,forward,0
21812,0,50,150,269113.52,269114.02,1789623947021.5,0,forward,0
21813,0,50,150,269263.37,269263.84,1789623947171.4,0,forward,0
21814,0,50,150,269413.37,269414.15,1789623947321.4,0,forward,0
21815,0,50,150,269563.39,269563.83,1789623947471.4,0,forward,0
21816,0,50,150,269713.37,269713.88,1789623947621.4,0,forward,0
21817,0,50,150,269863.37,269863.88,1789623947771.4,0,forward,0
21818,0,50,150,270013.38,270013.95,1789623947921.4,0,forward,0
21819,0,50,150,270163.37,270163.86,1789623948071.4,0,forward,0
21820,0,50,150,270313.37,270313.88,1789623948221.4,0,forward,0
21821,0,50,150,270464.23,270464.61,1789623948372.2,0,forward,0
21822,0,50,150,270613.37,270613.84,1789623948521.4,0,forward,0
21823,0,50,150,270763.37,270763.70,1789623948671.4,0,forward,0
21824,0,50,150,270913.38,270913.90,1789623948821.4,0,forward,0
21825,0,50,150,271063.37,271063.90,1789623948971.4,0,forward,0
21826,0,50,150,271213.37,271213.92,1789623949121.4,0,forward,0
21827,0,50,150,271363.37,271363.82,1789623949271.4,0,forward,0
21828,0,50,150,271513.37,271513.72,1789623949421.4,0,forward,0
21829,0,50,150,271663.38,271663.91,1789623949571.4,0,forward,0
21830,0,50,150,271813.38,271814.28,1789623949721.4,0,forward,0
21831,0,50,150,271963.37,271963.87,1789623949871.4,0,forward,0
21832,0,50,150,272113.40,272114.22,1789623950021.4,0,forward,0
21833,0,50,150,272263.38,272263.86,1789623950171.4,0,forward,0
21834,0,50,150,272413.37,272413.93,1789623950321.4,0,forward,0
21835,0,50,150,272563.37,272563.87,1789623950471.4,0,forward,0
21836,0,50,150,272713.37,272713.82,1789623950621.4,0,forward,0
21837,0,50,150,272863.38,272863.90,1789623950771.4,0,forward,0
21838,0,50,150,273013.37,273013.72,1789623950921.4,0,forward,0
21839,0,50,150,273163.37,273163.86,1789623951071.4,0,forward,0
21840,0,50,150,273313.37,273313.87,1789623951221.4,0,forward,0
21841,0,50,150,273463.46,273463.99,1789623951371.5,0,forward,0
21842,0,50,150,273613.38,273613.77,1789623951521.4,0,forward,0
21843,0,50,150,273763.37,273763.69,1789623951671.4,0,forward,0
21844,0,50,150,273913.37,273913.93,1789623951821.4,0,forward,0
21845,0,50,150,274063.38,274063.88,1789623951971.4,0,forward,0
21846,0,50,150,274213.38,274213.93,1789623952121.4,0,forward,0
21847,0,50,150,274363.38,274363.85,1789623952271.4,0,forward,0
21848,0,50,150,274513.37,274513.93,1789623952421.4,0,forward,0
21849,0,50,150,274663.37,274663.93,1789623952571.4,0,forward,0
21850,0,50,150,274813.37,274813.88,1789623952721.4,0,forward,0
21851,0,50,150,274963.38,274964.04,1789623952871.4,0,forward,0
21852,0,50,150,275113.38,275113.89,1789623953021.4,0,forward,0
21853,0,50,150,275263.38,275264.04,1789623953171.4,0,forward,0
21854,0,50,150,275413.38,275413.95,1789623953321.4,0,forward,0
21855,0,50,150,275563.38,275563.92,1789623953471.4,0,forward,0
21856,0,50,150,275713.38,275713.84,1789623953621.4,0,forward,0
21857,0,50,150,275863.38,275863.90,1789623953771.4,0,forward,0
21858,0,50,150,276013.37,276013.93,1789623953921.4,0,forward,0
21859,0,50,150,276163.38,276163.81,1789623954071.4,0,forward,0
21860,0,50,150,276313.37,276314.12,1789623954221.4,0,forward,0
21861,0,50,150,276463.37,276463.92,1789623954371.4,0,forward,0
21862,0,50,150,276613.38,276613.82,1789623954521.4,0,forward,0
21863,0,50,150,276763.38,276763.86,1789623954671.4,0,forward,0
21864,0,50,150,276913.37,276913.88,1789623954821.4,0,forward,0
21865,0,50,150,277063.49,277064.01,1789623954971.5,0,forward,0
21866,0,50,150,277213.37,277213.91,1789623955121.4,0,forward,0
21867,0,50,150,277363.37,277363.93,1789623955271.4,0,forward,0
21868,0,50,150,277513.37,277513.77,1789623955421.4,0,forward,0
21869,0,50,150,277663.37,277663.92,1789623955571.4,0,forward,0
21870,0,50,150,277813.38,277813.82,1789623955721.4,0,forward,0
21871,0,50,150,277963.37,277963.82,1789623955871.4,0,forward,0
21872,0,50,150,278113.38,278114.12,1789623956021.4,0,forward,0
21873,0,50,150,278263.37,278263.88,1789623956171.4,0,forward,0
21874,0,50,150,278413.37,278414.16,1789623956321.4,0,forward,0
21875,0,50,150,278563.38,278563.81,1789623956471.4,0,forward,0
21876,0,50,150,278713.38,278713.87,1789623956621.4,0,forward,0
21877,0,50,150,278863.37,278863.95,1789623956771.4,0,forward,0
21878,0,50,150,279013.37,279013.93,1789623956921.4,0,forward,0
21879,0,50,150,279163.37,279164.10,1789623957071.4,0,forward,0
21880,0,50,150,279313.38,279313.95,1789623957221.4,0,forward,0
21881,0,50,150,279463.37,279463.81,1789623957371.4,0,forward,0
21882,0,50,150,279613.37,279613.91,1789623957521.4,0,forward,0
21883,0,50,150,279763.37,279763.89,1789623957671.4,0,forward,0
21884,0,50,150,279913.50,279914.20,1789623957821.5,0,forward,0
21885,0,50,150,280063.38,280063.76,1789623957971.4,0,forward,0
21886,0,50,150,280213.37,280213.93,1789623958121.4,0,forward,0
21887,0,50,150,280363.37,280363.87,1789623958271.4,0,forward,0
21888,0,50,150,280513.48,280514.06,1789623958421.5,0,forward,0
21889,0,50,150,280663.37,280663.83,1789623958571.4,0,forward,0
21890,0,50,150,280813.38,280813.81,1789623958721.4,0,forward,0
21891,0,50,150,280963.37,280963.95,1789623958871.4,0,forward,0
21892,0,50,150,281113.37,281113.69,1789623959021.4,0,forward,0
21893,0,50,150,281263.37,281263.93,1789623959171.4,0,forward,0
21894,0,50,150,281413.38,281414.07,1789623959321.4,0,forward,0
21895,0,50,150,281563.38,281563.90,1789623959471.4,0,forward,0
21896,0,50,150,281713.42,281713.97,1789623959621.4,0,forward,0
21897,0,50,150,281863.37,281863.90,1789623959771.4,0,forward,0
21898,0,50,150,282013.38,282013.93,1789623959921.4,0,forward,0
21899,0,50,150,282163.37,282163.89,1789623960071.4,0,forward,0
21900,0,50,150,282163.92,282164.38,1789623960071.9,0,forward,0
21901,0,50,150,282314.01,282314.43,1789623960222.0,0,forward,0
21902,0,50,150,282463.92,282464.40,1789623960371.9,0,forward,0
21903,0,50,150,282613.92,282614.38,1789623960521.9,0,forward,0
21904,0,50,150,282763.92,282764.44,1789623960671.9,0,forward,0
21905,0,50,150,282913.92,282914.41,1789623960821.9,0,forward,0
21906,0,50,150,283063.92,283064.53,1789623960971.9,0,forward,0
21907,0,50,150,283213.92,283214.38,1789623961121.9,0,forward,0
21908,0,50,150,283363.92,283364.44,1789623961271.9,0,forward,0
21909,0,50,150,283513.92,283514.60,1789623961421.9,0,forward,0
21910,0,50,150,283663.92,283664.45,1789623961571.9,0,forward,0
21911,0,50,150,283813.92,283814.44,1789623961721.9,0,forward,0
21912,0,50,150,283963.92,283964.37,1789623961871.9,0,forward,0
21913,0,50,150,284113.98,284114.64,1789623962022.0,0,forward,0
21914,0,50,150,284263.93,284264.53,1789623962171.9,0,forward,0
21915,0,50,150,284413.92,284414.49,1789623962321.9,0,forward,0
21916,0,50,150,284563.92,284564.79,1789623962471.9,0,forward,0
21917,0,50,150,284713.92,284714.45,1789623962621.9,0,forward,0
21918,0,50,150,284863.93,284864.49,1789623962771.9,0,forward,0
21919,0,50,150,285013.92,285014.44,1789623962921.9,0,forward,0
21920,0,50,150,285164.09,285164.59,1789623963072.1,0,forward,0
21921,0,50,150,285313.92,285314.44,1789623963221.9,0,forward,0
21922,0,50,150,285463.95,285464.50,1789623963371.9,0,forward,0
21923,0,50,150,285613.92,285614.41,1789623963521.9,0,forward,0
21924,0,50,150,285763.92,285764.43,1789623963671.9,0,forward,0
21925,0,50,150,285913.92,285914.57,1789623963821.9,0,forward,0
21926,0,50,150,286063.92,286064.48,1789623963971.9,0,forward,0
21927,0,50,150,286213.92,286214.27,1789623964121.9,0,forward,0
21928,0,50,150,286363.92,286364.36,1789623964271.9,0,forward,0
21929,0,50,150,286513.92,286514.49,1789623964421.9,0,forward,0
21930,0,50,150,286663.92,286664.36,1789623964571.9,0,forward,0
21931,0,50,150,286813.92,286814.47,1789623964721.9,0,forward,0
21932,0,50,150,286963.92,286964.47,1789623964871.9,0,forward,0
21933,0,50,150,287113.92,287114.34,1789623965021.9,0,forward,0
21934,0,50,150,287263.92,287264.48,1789623965171.9,0,forward,0
21935,0,50,150,287413.92,287414.45,1789623965321.9,0,forward,0
21936,0,50,150,287563.92,287564.25,1789623965471.9,0,forward,0
21937,0,50,150,287713.92,287714.42,1789623965621.9,0,forward,0
21938,0,50,150,287864.04,287864.54,1789623965772.0,0,forward,0
21939,0,50,150,288013.92,288014.35,1789623965921.9,0,forward,0
21940,0,50,150,288163.92,288164.43,1789623966071.9,0,forward,0
21941,0,50,150,288313.92,288314.47,1789623966221.9,0,forward,0
21942,0,50,150,288463.92,288464.56,1789623966371.9,0,forward,0
21943,0,50,150,288613.92,288614.31,1789623966521.9,0,forward,0
21944,0,50,150,288763.94,288764.48,1789623966671.9,0,forward,0
21945,0,50,150,288913.92,288914.46,1789623966821.9,0,forward,0
21946,0,50,150,289063.92,289064.47,1789623966971.9,0,forward,0
21947,0,50,150,289213.92,289214.36,1789623967121.9,0,forward,0
21948,0,50,150,289363.92,289364.47,1789623967271.9,0,forward,0
21949,0,50,150,289513.92,289514.30,1789623967421.9,0,forward,0
21950,0,50,150,289663.92,289664.45,1789623967571.9,0,forward,0
21951,0,50,150,289813.92,289814.45,1789623967721.9,0,forward,0
21952,0,50,150,289963.92,289964.49,1789623967871.9,0,forward,0
21953,0,50,150,290113.92,290114.44,1789623968021.9,0,forward,0
21954,0,50,150,290263.92,290264.76,1789623968171.9,0,forward,0
21955,0,50,150,290413.92,290414.69,1789623968321.9,0,forward,0
21956,0,50,150,290563.92,290564.52,1789623968471.9,0,forward,0
21957,0,50,150,290713.92,290714.41,1789623968621.9,0,forward,0
21958,0,50,150,290864.02,290864.65,1789623968772.0,0,forward,0
21959,0,50,150,291013.92,291014.63,1789623968921.9,0,forward,0
21960,0,50,150,291163.92,291164.53,1789623969071.9,0,forward,0
21961,0,50,150,291313.92,291314.58,1789623969221.9,0,forward,0
21962,0,50,150,291463.92,291464.58,1789623969371.9,0,forward,0
21963,0,50,150,291613.93,291614.64,1789623969521.9,0,forward,0
21964,0,50,150,291763.92,291764.74,1789623969671.9,0,forward,0
21965,0,50,150,291913.92,291914.71,1789623969821.9,0,forward,0
21966,0,50,150,292063.92,292064.66,1789623969971.9,0,forward,0
21967,0,50,150,292213.92,292214.53,1789623970121.9,0,forward,0
21968,0,50,150,292363.93,292364.74,1789623970271.9,0,forward,0
21969,0,50,150,292513.92,292514.55,1789623970421.9,0,forward,0
21970,0,50,150,292664.07,292664.71,1789623970572.1,0,forward,0
21971,0,50,150,292813.92,292814.59,1789623970721.9,0,forward,0
21972,0,50,150,292963.92,292964.60,1789623970871.9,0,forward,0
21973,0,50,150,293113.92,293114.53,1789623971021.9,0,forward,0
21974,0,50,150,293263.98,293264.82,1789623971172.0,0,forward,0
21975,0,50,150,293413.92,293414.72,1789623971321.9,0,forward,0
21976,0,50,150,293563.93,293564.65,1789623971471.9,0,forward,0
21977,0,50,150,293713.92,293714.56,1789623971621.9,0,forward,0
21978,0,50,150,293864.08,293864.78,1789623971772.1,0,forward,0
21979,0,50,150,294013.92,294014.55,1789623971921.9,0,forward,0
21980,0,50,150,294163.94,294164.62,1789623972071.9,0,forward,0
21981,0,50,150,294313.92,294314.62,1789623972221.9,0,forward,0
21982,0,50,150,294463.92,294464.68,1789623972371.9,0,forward,0
21983,0,50,150,294613.92,294614.61,1789623972521.9,0,forward,0
21984,0,50,150,294763.94,294764.80,1789623972671.9,0,forward,0
21985,0,50,150,294913.93,294914.61,1789623972821.9,0,forward,0
21986,0,50,150,295063.92,295064.46,1789623972971.9,0,forward,0
21987,0,50,150,295213.92,295214.29,1789623973121.9,0,forward,0
21988,0,50,150,295363.92,295364.59,1789623973271.9,0,forward,0
21989,0,50,150,295513.92,295514.80,1789623973421.9,0,forward,0
21990,0,50,150,295664.13,295664.91,1789623973572.1,0,forward,0
21991,0,50,150,295813.92,295814.56,1789623973721.9,0,forward,0
21992,0,50,150,295963.92,295964.74,1789623973871.9,0,forward,0
21993,0,50,150,296113.93,296114.55,1789623974021.9,0,forward,0
21994,0,50,150,296263.95,296264.82,1789623974171.9,0,forward,0
21995,0,50,150,296413.92,296414.76,1789623974321.9,0,forward,0
21996,0,50,150,296563.93,296564.51,1789623974471.9,0,forward,0
21997,0,50,150,296713.92,296714.61,1789623974621.9,0,forward,0
21998,0,50,150,296863.92,296864.64,1789623974771.9,0,forward,0
21999,0,50,150,297013.92,297014.76,1789623974921.9,0,forward,0
22000,0,50,150,297014.79,297015.34,1789623974922.8,0,forward,0
22001,0,50,150,297164.79,297165.39,1789623975072.8,0,forward,0
22002,0,50,150,297314.79,297315.71,1789623975222.8,0,forward,0
22003,0,50,150,297464.79,297465.48,1789623975372.8,0,forward,0
22004,0,50,150,297615.03,297615.69,1789623975523.0,0,forward,0
22005,0,50,150,297764.79,297765.43,1789623975672.8,0,forward,0
22006,0,50,150,297914.79,297915.39,1789623975822.8,0,forward,0
22007,0,50,150,298064.80,298065.54,1789623975972.8,0,forward,0
22008,0,50,150,298214.79,298215.14,1789623976122.8,0,forward,0
22009,0,50,150,298364.79,298365.39,1789623976272.8,0,forward,0
22010,0,50,150,298514.79,298515.32,1789623976422.8,0,forward,0
22011,0,50,150,298664.79,298665.49,1789623976572.8,0,forward,0
22012,0,50,150,298814.79,298815.30,1789623976722.8,0,forward,0
22013,0,50,150,298964.79,298965.51,1789623976872.8,0,forward,0
22014,0,50,150,299114.81,299115.27,1789623977022.8,0,forward,0
22015,0,50,150,299264.79,299265.48,1789623977172.8,0,forward,0
22016,0,50,150,299414.79,299415.64,1789623977322.8,0,forward,0
22017,0,50,150,299564.79,299565.52,1789623977472.8,0,forward,0
22018,0,50,150,299714.79,299715.65,1789623977622.8,0,forward,0
22019,0,50,150,299864.79,299865.66,1789623977772.8,0,forward,0
22020,0,50,150,300014.79,300015.57,1789623977922.8,0,forward,0
22021,0,50,150,300164.79,300165.35,1789623978072.8,0,forward,0
22022,0,50,150,300314.79,300315.38,1789623978222.8,0,forward,0
22023,0,50,150,300464.79,300465.31,1789623978372.8,0,forward,0
22024,0,50,150,300614.83,300615.79,1789623978522.8,0,forward,0
22025,0,50,150,300764.79,300765.64,1789623978672.8,0,forward,0
22026,0,50,150,300914.79,300915.48,1789623978822.8,0,forward,0
22027,0,50,150,301064.80,301065.39,1789623978972.8,0,forward,0
22028,0,50,150,301214.79,301215.65,1789623979122.8,0,forward,0
22029,0,50,150,301364.79,301365.65,1789623979272.8,0,forward,0
22030,0,50,150,301514.79,301515.30,1789623979422.8,0,forward,0
22031,0,50,150,301664.79,301665.40,1789623979572.8,0,forward,0
22032,0,50,150,301814.79,301815.41,1789623979722.8,0,forward,0
22033,0,50,150,301964.81,301965.67,1789623979872.8,0,forward,0
22034,0,50,150,302114.79,302115.33,1789623980022.8,0,forward,0
22035,0,50,150,302264.79,302265.29,1789623980172.8,0,forward,0
22036,0,50,150,302414.79,302415.32,1789623980322.8,0,forward,0
22037,0,50,150,302564.79,302565.28,1789623980472.8,0,forward,0
22038,0,50,150,302714.80,302715.26,1789623980622.8,0,forward,0
22039,0,50,150,302864.79,302865.49,1789623980772.8,0,forward,0
22040,0,50,150,303014.79,303015.27,1789623980922.8,0,forward,0
22041,0,50,150,303164.79,303165.25,1789623981072.8,0,forward,0
22042,0,50,150,303314.79,303315.38,1789623981222.8,0,forward,0
22043,0,50,150,303464.79,303465.61,1789623981372.8,0,forward,0
22044,0,50,150,303614.79,303615.22,1789623981522.8,0,forward,0
22045,0,50,150,303764.79,303765.64,1789623981672.8,0,forward,0
22046,0,50,150,303914.80,303915.59,1789623981822.8,0,forward,0
22047,0,50,150,304064.79,304065.45,1789623981972.8,0,forward,0
22048,0,50,150,304214.79,304215.77,1789623982122.8,0,forward,0
22049,0,50,150,304364.79,304365.31,1789623982272.8,0,forward,0
22050,0,50,150,304514.79,304515.32,1789623982422.8,0,forward,0
22051,0,50,150,304664.79,304665.30,1789623982572.8,0,forward,0
22052,0,50,150,304814.79,304815.27,1789623982722.8,0,forward,0
22053,0,50,150,304964.79,304965.34,1789623982872.8,0,forward,0
22054,0,50,150,305114.79,305115.42,1789623983022.8,0,forward,0
22055,0,50,150,305264.79,305265.36,1789623983172.8,0,forward,0
22056,0,50,150,305414.79,305415.54,1789623983322.8,0,forward,0
22057,0,50,150,305564.79,305565.35,1789623983472.8,0,forward,0
22058,0,50,150,305714.79,305715.23,1789623983622.8,0,forward,0
22059,0,50,150,305864.79,305865.40,1789623983772.8,0,forward,0
22060,0,50,150,306014.79,306015.33,1789623983922.8,0,forward,0
22061,0,50,150,306164.79,306165.65,1789623984072.8,0,forward,0
22062,0,50,150,306314.79,306315.37,1789623984222.8,0,forward,0
22063,0,50,150,306464.79,306465.60,1789623984372.8,0,forward,0
22064,0,50,150,306614.79,306615.29,1789623984522.8,0,forward,0
22065,0,50,150,306764.79,306765.32,1789623984672.8,0,forward,0
22066,0,50,150,306914.79,306915.26,1789623984822.8,0,forward,0
22067,0,50,150,307064.79,307065.33,1789623984972.8,0,forward,0
22068,0,50,150,307214.79,307215.32,1789623985122.8,0,forward,0
22069,0,50,150,307364.80,307365.48,1789623985272.8,0,forward,0
22070,0,50,150,307514.79,307515.48,1789623985422.8,0,forward,0
22071,0,50,150,307664.79,307665.41,1789623985572.8,0,forward,0
22072,0,50,150,307814.79,307815.43,1789623985722.8,0,forward,0
22073,0,50,150,307964.79,307965.19,1789623985872.8,0,forward,0
22074,0,50,150,308114.79,308115.46,1789623986022.8,0,forward,0
22075,0,50,150,308264.79,308265.80,1789623986172.8,0,forward,0
22076,0,50,150,308414.79,308415.28,1789623986322.8,0,forward,0
22077,0,50,150,308564.81,308565.51,1789623986472.8,0,forward,0
22078,0,50,150,308714.79,308715.74,1789623986622.8,0,forward,0
22079,0,50,150,308864.79,308865.34,1789623986772.8,0,forward,0
22080,0,50,150,309014.79,309015.21,1789623986922.8,0,forward,0
22081,0,50,150,309164.79,309165.30,1789623987072.8,0,forward,0
22082,0,50,150,309314.79,309315.39,1789623987222.8,0,forward,0
22083,0,50,150,309464.80,309465.54,1789623987372.8,0,forward,0
22084,0,50,150,309614.80,309615.38,1789623987522.8,0,forward,0
22085,0,50,150,309764.79,309765.13,1789623987672.8,0,forward,0
22086,0,50,150,309914.79,309915.33,1789623987822.8,0,forward,0
22087,0,50,150,310064.79,310065.36,1789623987972.8,0,forward,0
22088,0,50,150,310214.79,310215.24,1789623988122.8,0,forward,0
22089,0,50,150,310364.79,310365.37,1789623988272.8,0,forward,0
22090,0,50,150,310521.52,310522.11,1789623988429.5,0,forward,0
22091,0,50,150,310664.79,310665.35,1789623988572.8,0,forward,0
22092,0,50,150,310814.79,310815.31,1789623988722.8,0,forward,0
22093,0,50,150,310964.79,310965.35,1789623988872.8,0,forward,0
22094,0,50,150,311114.79,311115.22,1789623989022.8,0,forward,0
22095,0,50,150,311264.79,311265.29,1789623989172.8,0,forward,0
22096,0,50,150,311414.79,311415.35,1789623989322.8,0,forward,0
22097,0,50,150,311564.79,311565.45,1789623989472.8,0,forward,0
22098,0,50,150,311714.79,311715.34,1789623989622.8,0,forward,0
22099,0,50,150,311864.79,311865.42,1789623989772.8,0,forward,0
22100,0,50,150,311865.45,311865.89,1789623989773.5,0,forward,0
22101,0,50,150,312015.46,312016.42,1789623989923.5,0,forward,0
22102,0,50,150,312165.46,312166.00,1789623990073.5,0,forward,0
22103,0,50,150,312315.46,312315.96,1789623990223.5,0,forward,0
22104,0,50,150,312465.46,312466.01,1789623990373.5,0,forward,0
22105,0,50,150,312615.46,312616.05,1789623990523.5,0,forward,0
22106,0,50,150,312765.46,312766.31,1789623990673.5,0,forward,0
22107,0,50,150,312915.46,312915.96,1789623990823.5,0,forward,0
22108,0,50,150,313065.46,313066.14,1789623990973.5,0,forward,0
22109,0,50,150,313215.46,313216.31,1789623991123.5,0,forward,0
22110,0,50,150,313365.46,313365.90,1789623991273.5,0,forward,0
22111,0,50,150,313515.46,313515.96,1789623991423.5,0,forward,0
22112,0,50,150,313665.46,313665.94,1789623991573.5,0,forward,0
22113,0,50,150,313815.46,313816.23,1789623991723.5,0,forward,0
22114,0,50,150,313965.46,313965.93,1789623991873.5,0,forward,0
22115,0,50,150,314115.46,314116.05,1789623992023.5,0,forward,0
22116,0,50,150,314265.46,314265.99,1789623992173.5,0,forward,0
22117,0,50,150,314415.46,314416.00,1789623992323.5,0,forward,0
22118,0,50,150,314565.46,314566.30,1789623992473.5,0,forward,0
22119,0,50,150,314715.46,314715.92,1789623992623.5,0,forward,0
22120,0,50,150,314865.46,314866.03,1789623992773.5,0,forward,0
22121,0,50,150,315015.46,315016.12,1789623992923.5,0,forward,0
22122,0,50,150,315165.46,315165.95,1789623993073.5,0,forward,0
22123,0,50,150,315315.48,315316.37,1789623993223.5,0,forward,0
22124,0,50,150,315465.46,315465.96,1789623993373.5,0,forward,0
22125,0,50,150,315615.46,315615.99,1789623993523.5,0,forward,0
22126,0,50,150,315765.46,315765.94,1789623993673.5,0,forward,0
22127,0,50,150,315915.59,315916.10,1789623993823.6,0,forward,0
22128,0,50,150,316065.46,316065.97,1789623993973.5,0,forward,0
22129,0,50,150,316215.46,316216.02,1789623994123.5,0,forward,0
22130,0,50,150,316365.46,316365.95,1789623994273.5,0,forward,0
22131,0,50,150,316515.46,316515.93,1789623994423.5,0,forward,0
22132,0,50,150,316665.46,316666.07,1789623994573.5,0,forward,0
22133,0,50,150,316815.46,316816.04,1789623994723.5,0,forward,0
22134,0,50,150,316965.46,316965.95,1789623994873.5,0,forward,0
22135,0,50,150,317115.46,317115.82,1789623995023.5,0,forward,0
22136,0,50,150,317265.46,317266.07,1789623995173.5,0,forward,0
22137,0,50,150,317415.46,317416.15,1789623995323.5,0,forward,0
22138,0,50,150,317565.46,317566.09,1789623995473.5,0,forward,0
22139,0,50,150,317715.46,317716.27,1789623995623.5,0,forward,0
22140,0,50,150,317865.46,317865.96,1789623995773.5,0,forward,0
22141,0,50,150,318015.46,318016.03,1789623995923.5,0,forward,0
22142,0,50,150,318165.46,318166.08,1789623996073.5,0,forward,0
22143,0,50,150,318315.48,318316.14,1789623996223.5,0,forward,0
22144,0,50,150,318465.46,318465.79,1789623996373.5,0,forward,0
22145,0,50,150,318615.46,318615.90,1789623996523.5,0,forward,0
22146,0,50,150,318765.46,318765.88,1789623996673.5,0,forward,0
22147,0,50,150,318915.46,318915.96,1789623996823.5,0,forward,0
22148,0,50,150,319065.46,319065.85,1789623996973.5,0,forward,0
22149,0,50,150,319216.07,319216.65,1789623997124.1,0,forward,0
22150,0,50,150,319365.46,319366.14,1789623997273.5,0,forward,0
22151,0,50,150,319515.55,319516.18,1789623997423.6,0,forward,0
22152,0,50,150,319665.46,319665.92,1789623997573.5,0,forward,0
22153,0,50,150,319815.45,319815.97,1789623997723.5,0,forward,0
22154,0,50,150,319965.46,319966.19,1789623997873.5,0,forward,0
22155,0,50,150,320115.46,320115.97,1789623998023.5,0,forward,0
22156,0,50,150,320265.46,320265.98,1789623998173.5,0,forward,0
22157,0,50,150,320415.46,320416.25,1789623998323.5,0,forward,0
22158,0,50,150,320565.46,320565.96,1789623998473.5,0,forward,0
22159,0,50,150,320715.46,320716.04,1789623998623.5,0,forward,0
22160,0,50,150,320865.46,320866.08,1789623998773.5,0,forward,0
22161,0,50,150,321015.46,321016.21,1789623998923.5,0,forward,0
22162,0,50,150,321165.46,321166.05,1789623999073.5,0,forward,0
22163,0,50,150,321315.46,321316.10,1789623999223.5,0,forward,0
22164,0,50,150,321465.47,321465.97,1789623999373.5,0,forward,0
22165,0,50,150,321615.46,321615.98,1789623999523.5,0,forward,0
22166,0,50,150,321765.46,321765.83,1789623999673.5,0,forward,0
22167,0,50,150,321915.46,321915.96,1789623999823.5,0,forward,0
22168,0,50,150,322065.46,322066.28,1789623999973.5,0,forward,0
22169,0,50,150,322215.47,322216.06,1789624000123.5,0,forward,0
22170,0,50,150,322365.46,322366.04,1789624000273.5,0,forward,0
22171,0,50,150,322515.46,322516.03,1789624000423.5,0,forward,0
22172,0,50,150,322665.52,322666.21,1789624000573.5,0,forward,0
22173,0,50,150,322815.46,322815.94,1789624000723.5,0,forward,0
22174,0,50,150,322965.46,322966.01,1789624000873.5,0,forward,0
22175,0,50,150,323115.46,323116.63,1789624001023.5,0,forward,0
22176,0,50,150,323265.46,323266.04,1789624001173.5,0,forward,0
22177,0,50,150,323415.46,323416.21,1789624001323.5,0,forward,0
22178,0,50,150,323565.46,323566.20,1789624001473.5,0,forward,0
22179,0,50,150,323715.46,323716.00,1789624001623.5,0,forward,0
22180,0,50,150,323865.46,323866.27,1789624001773.5,0,forward,0
22181,0,50,150,324015.46,324016.01,1789624001923.5,0,forward,0
22182,0,50,150,324165.46,324165.92,1789624002073.5,0,forward,0
22183,0,50,150,324316.01,324316.68,1789624002224.0,0,forward,0
22184,0,50,150,324465.46,324466.02,1789624002373.5,0,forward,0
22185,0,50,150,324615.46,324615.79,1789624002523.5,0,forward,0
22186,0,50,150,324765.46,324766.08,1789624002673.5,0,forward,0
22187,0,50,150,324915.46,324916.01,1789624002823.5,0,forward,0
22188,0,50,150,325065.46,325065.98,1789624002973.5,0,forward,0
22189,0,50,150,325216.10,325216.73,1789624003124.1,0,forward,0
22190,0,50,150,325365.46,325366.13,1789624003273.5,0,forward,0
22191,0,50,150,325515.46,325516.03,1789624003423.5,0,forward,0
22192,0,50,150,325665.46,325666.39,1789624003573.5,0,forward,0
22193,0,50,150,325815.46,325816.17,1789624003723.5,0,forward,0
22194,0,50,150,325965.46,325965.90,1789624003873.5,0,forward,0
22195,0,50,150,326115.46,326115.95,1789624004023.5,0,forward,0
22196,0,50,150,326265.46,326265.92,1789624004173.5,0,forward,0
22197,0,50,150,326415.46,326416.02,1789624004323.5,0,forward,0
22198,0,50,150,326565.46,326566.28,1789624004473.5,0,forward,0
22199,0,50,150,326715.46,326715.97,1789624004623.5,0,forward,0
22200,0,50,150,326716.03,326716.56,1789624004624.0,0,forward,0
22201,0,50,150,326866.04,326866.89,1789624004774.0,0,forward,0
22202,0,50,150,327016.04,327016.65,1789624004924.0,0,forward,0
22203,0,50,150,327166.04,327166.64,1789624005074.0,0,forward,0
22204,0,50,150,327316.04,327316.73,1789624005224.0,0,forward,0
22205,0,50,150,327466.04,327466.76,1789624005374.0,0,forward,0
22206,0,50,150,327616.04,327616.57,1789624005524.0,0,forward,0
22207,0,50,150,327766.04,327766.60,1789624005674.0,0,forward,0
22208,0,50,150,327916.04,327916.68,1789624005824.0,0,forward,0
22209,0,50,150,328066.19,328066.74,1789624005974.2,0,forward,0
22210,0,50,150,328216.04,328216.43,1789624006124.0,0,forward,0
22211,0,50,150,328366.04,328366.57,1789624006274.0,0,forward,0
22212,0,50,150,328516.04,328516.56,1789624006424.0,0,forward,0
22213,0,50,150,328666.03,328666.59,1789624006574.0,0,forward,0
22214,0,50,150,328816.04,328816.55,1789624006724.0,0,forward,0
22215,0,50,150,328966.04,328966.61,1789624006874.0,0,forward,0
22216,0,50,150,329116.03,329116.65,1789624007024.0,0,forward,0
22217,0,50,150,329266.04,329266.66,1789624007174.0,0,forward,0
22218,0,50,150,329416.04,329416.69,1789624007324.0,0,forward,0
22219,0,50,150,329566.03,329566.75,1789624007474.0,0,forward,0
22220,0,50,150,329716.04,329716.83,1789624007624.0,0,forward,0
22221,0,50,150,329866.04,329866.90,1789624007774.0,0,forward,0
22222,0,50,150,330016.04,330016.88,1789624007924.0,0,forward,0
22223,0,50,150,330166.04,330166.78,1789624008074.0,0,forward,0
22224,0,50,150,330316.15,330316.78,1789624008224.1,0,forward,0
22225,0,50,150,330466.07,330466.75,1789624008374.1,0,forward,0
22226,0,50,150,330616.04,330616.92,1789624008524.0,0,forward,0
22227,0,50,150,330766.05,330766.83,1789624008674.1,0,forward,0
22228,0,50,150,330916.04,330916.88,1789624008824.0,0,forward,0
22229,0,50,150,331066.03,331067.17,1789624008974.0,0,forward,0
22230,0,50,150,331216.04,331216.60,1789624009124.0,0,forward,0
22231,0,50,150,331366.04,331366.83,1789624009274.0,0,forward,0
22232,0,50,150,331516.04,331516.87,1789624009424.0,0,forward,0
22233,0,50,150,331666.04,331666.63,1789624009574.0,0,forward,0
22234,0,50,150,331816.04,331817.09,1789624009724.0,0,forward,0
22235,0,50,150,331966.04,331966.88,1789624009874.0,0,forward,0
22236,0,50,150,332116.04,332116.81,1789624010024.0,0,forward,0
22237,0,50,150,332266.04,332266.80,1789624010174.0,0,forward,0
22238,0,50,150,332416.04,332416.91,1789624010324.0,0,forward,0
22239,0,50,150,332566.04,332566.67,1789624010474.0,0,forward,0
22240,0,50,150,332716.03,332716.99,1789624010624.0,0,forward,0
22241,0,50,150,332866.04,332866.75,1789624010774.0,0,forward,0
22242,0,50,150,333016.03,333016.91,1789624010924.0,0,forward,0
22243,0,50,150,333166.04,333166.70,1789624011074.0,0,forward,0
22244,0,50,150,333316.04,333316.76,1789624011224.0,0,forward,0
22245,0,50,150,333466.04,333467.02,1789624011374.0,0,forward,0
22246,0,50,150,333616.04,333616.76,1789624011524.0,0,forward,0
22247,0,50,150,333766.04,333766.87,1789624011674.0,0,forward,0
22248,0,50,150,333916.04,333916.75,1789624011824.0,0,forward,0
22249,0,50,150,334066.13,334066.85,1789624011974.1,0,forward,0
22250,0,50,150,334216.04,334216.99,1789624012124.0,0,forward,0
22251,0,50,150,334366.04,334366.89,1789624012274.0,0,forward,0
22252,0,50,150,334516.08,334516.84,1789624012424.1,0,forward,0
22253,0,50,150,334666.04,334666.67,1789624012574.0,0,forward,0
22254,0,50,150,334816.04,334816.82,1789624012724.0,0,forward,0
22255,0,50,150,334966.04,334966.91,1789624012874.0,0,forward,0
22256,0,50,150,335116.04,335116.80,1789624013024.0,0,forward,0
22257,0,50,150,335266.13,335266.70,1789624013174.1,0,forward,0
22258,0,50,150,335416.04,335416.84,1789624013324.0,0,forward,0
22259,0,50,150,335566.05,335567.00,1789624013474.0,0,forward,0
22260,0,50,150,335716.04,335716.76,1789624013624.0,0,forward,0
22261,0,50,150,335866.04,335867.36,1789624013774.0,0,forward,0
22262,0,50,150,336016.04,336016.87,1789624013924.0,0,forward,0
22263,0,50,150,336166.04,336166.84,1789624014074.0,0,forward,0
22264,0,50,150,336316.04,336316.85,1789624014224.0,0,forward,0
22265,0,50,150,336466.04,336466.83,1789624014374.0,0,forward,0
22266,0,50,150,336616.04,336616.91,1789624014524.0,0,forward,0
22267,0,50,150,336766.04,336766.69,1789624014674.0,0,forward,0
22268,0,50,150,336916.04,336916.66,1789624014824.0,0,forward,0
22269,0,50,150,337066.21,337066.88,1789624014974.2,0,forward,0
22270,0,50,150,337216.04,337216.65,1789624015124.0,0,forward,0
22271,0,50,150,337366.04,337366.55,1789624015274.0,0,forward,0
22272,0,50,150,337516.03,337516.84,1789624015424.0,0,forward,0
22273,0,50,150,337666.04,337666.82,1789624015574.0,0,forward,0
22274,0,50,150,337816.04,337816.83,1789624015724.0,0,forward,0
22275,0,50,150,337966.04,337966.86,1789624015874.0,0,forward,0
22276,0,50,150,338116.04,338116.84,1789624016024.0,0,forward,0
22277,0,50,150,338266.04,338266.58,1789624016174.0,0,forward,0
22278,0,50,150,338416.04,338416.68,1789624016324.0,0,forward,0
22279,0,50,150,338566.05,338566.85,1789624016474.0,0,forward,0
22280,0,50,150,338716.04,338716.84,1789624016624.0,0,forward,0
22281,0,50,150,338866.04,338866.80,1789624016774.0,0,forward,0
22282,0,50,150,339016.05,339016.85,1789624016924.0,0,forward,0
22283,0,50,150,339166.04,339166.71,1789624017074.0,0,forward,0
22284,0,50,150,339316.04,339316.71,1789624017224.0,0,forward,0
22285,0,50,150,339466.04,339466.87,1789624017374.0,0,forward,0
22286,0,50,150,339616.04,339616.87,1789624017524.0,0,forward,0
22287,0,50,150,339766.04,339766.86,1789624017674.0,0,forward,0
22288,0,50,150,339916.04,339916.71,1789624017824.0,0,forward,0
22289,0,50,150,340066.04,340066.79,1789624017974.0,0,forward,0
22290,0,50,150,340216.04,340216.68,1789624018124.0,0,forward,0
22291,0,50,150,340366.04,340366.77,1789624018274.0,0,forward,0
22292,0,50,150,340516.04,340516.88,1789624018424.0,0,forward,0
22293,0,50,150,340666.04,340666.72,1789624018574.0,0,forward,0
22294,0,50,150,340816.04,340816.68,1789624018724.0,0,forward,0
22295,0,50,150,340966.04,340966.69,1789624018874.0,0,forward,0
22296,0,50,150,341116.04,341116.86,1789624019024.0,0,forward,0
22297,0,50,150,341266.04,341266.69,1789624019174.0,0,forward,0
22298,0,50,150,341416.06,341416.91,1789624019324.1,0,forward,0
22299,0,50,150,341566.04,341566.73,1789624019474.0,0,forward,0
22300,0,50,150,341566.77,341567.54,1789624019474.8,0,forward,0
22301,0,50,150,341716.77,341717.48,1789624019624.8,0,forward,0
22302,0,50,150,341866.77,341867.77,1789624019774.8,0,forward,0
22303,0,50,150,342016.77,342017.60,1789624019924.8,0,forward,0
22304,0,50,150,342166.77,342167.22,1789624020074.8,0,forward,0
22305,0,50,150,342316.78,342317.44,1789624020224.8,0,forward,0
22306,0,50,150,342466.77,342467.41,1789624020374.8,0,forward,0
22307,0,50,150,342616.77,342617.46,1789624020524.8,0,forward,0
22308,0,50,150,342766.78,342767.52,1789624020674.8,0,forward,0
22309,0,50,150,342916.77,342917.43,1789624020824.8,0,forward,0
22310,0,50,150,343066.77,343067.30,1789624020974.8,0,forward,0
22311,0,50,150,343216.77,343217.54,1789624021124.8,0,forward,0
22312,0,50,150,343366.90,343367.72,1789624021274.9,0,forward,0
22313,0,50,150,343516.77,343517.41,1789624021424.8,0,forward,0
22314,0,50,150,343666.77,343667.47,1789624021574.8,0,forward,0
22315,0,50,150,343816.77,343817.45,1789624021724.8,0,forward,0
22316,0,50,150,343966.77,343967.64,1789624021874.8,0,forward,0
22317,0,50,150,344116.77,344117.37,1789624022024.8,0,forward,0
22318,0,50,150,344266.77,344267.58,1789624022174.8,0,forward,0
22319,0,50,150,344416.78,344417.47,1789624022324.8,0,forward,0
22320,0,50,150,344566.77,344567.50,1789624022474.8,0,forward,0
22321,0,50,150,344716.77,344717.46,1789624022624.8,0,forward,0
22322,0,50,150,344866.93,344867.67,1789624022774.9,0,forward,0
22323,0,50,150,345016.77,345017.28,1789624022924.8,0,forward,0
22324,0,50,150,345166.77,345167.45,1789624023074.8,0,forward,0
22325,0,50,150,345316.84,345317.62,1789624023224.8,0,forward,0
22326,0,50,150,345466.77,345467.70,1789624023374.8,0,forward,0
22327,0,50,150,345616.77,345617.13,1789624023524.8,0,forward,0
22328,0,50,150,345766.77,345767.56,1789624023674.8,0,forward,0
22329,0,50,150,345916.77,345917.39,1789624023824.8,0,forward,0
22330,0,50,150,346066.77,346067.42,1789624023974.8,0,forward,0
22331,0,50,150,346216.77,346217.51,1789624024124.8,0,forward,0
22332,0,50,150,346366.79,346367.58,1789624024274.8,0,forward,0
22333,0,50,150,346516.77,346517.51,1789624024424.8,0,forward,0
22334,0,50,150,346666.77,346667.58,1789624024574.8,0,forward,0
22335,0,50,150,346816.77,346817.40,1789624024724.8,0,forward,0
22336,0,50,150,346966.77,346967.39,1789624024874.8,0,forward,0
22337,0,50,150,347116.77,347117.52,1789624025024.8,0,forward,0
22338,0,50,150,347266.77,347267.59,1789624025174.8,0,forward,0
22339,0,50,150,347416.77,347417.29,1789624025324.8,0,forward,0
22340,0,50,150,347566.77,347567.40,1789624025474.8,0,forward,0
22341,0,50,150,347716.77,347717.56,1789624025624.8,0,forward,0
22342,0,50,150,347866.77,347867.49,1789624025774.8,0,forward,0
22343,0,50,150,348016.77,348017.41,1789624025924.8,0,forward,0
22344,0,50,150,348166.77,348167.51,1789624026074.8,0,forward,0
22345,0,50,150,348316.77,348317.58,1789624026224.8,0,forward,0
22346,0,50,150,348466.77,348467.57,1789624026374.8,0,forward,0
22347,0,50,150,348616.77,348617.29,1789624026524.8,0,forward,0
22348,0,50,150,348766.77,348767.38,1789624026674.8,0,forward,0
22349,0,50,150,348916.77,348917.37,1789624026824.8,0,forward,0
22350,0,50,150,349066.77,349067.55,1789624026974.8,0,forward,0
22351,0,50,150,349216.77,349217.39,1789624027124.8,0,forward,0
22352,0,50,150,349366.77,349367.22,1789624027274.8,0,forward,0
22353,0,50,150,349516.77,349517.75,1789624027424.8,0,forward,0
22354,0,50,150,349666.77,349667.49,1789624027574.8,0,forward,0
22355,0,50,150,349816.77,349817.42,1789624027724.8,0,forward,0
22356,0,50,150,349966.77,349967.60,1789624027874.8,0,forward,0
22357,0,50,150,350116.77,350117.61,1789624028024.8,0,forward,0
22358,0,50,150,350266.77,350267.54,1789624028174.8,0,forward,0
22359,0,50,150,350416.77,350417.42,1789624028324.8,0,forward,0
22360,0,50,150,350566.77,350567.51,1789624028474.8,0,forward,0
22361,0,50,150,350716.77,350717.38,1789624028624.8,0,forward,0
22362,0,50,150,350866.77,350867.27,1789624028774.8,0,forward,0
22363,0,50,150,351016.77,351017.33,1789624028924.8,0,forward,0
22364,0,50,150,351166.77,351167.45,1789624029074.8,0,forward,0
22365,0,50,150,351316.77,351317.40,1789624029224.8,0,forward,0
22366,0,50,150,351466.77,351467.53,1789624029374.8,0,forward,0
22367,0,50,150,351616.77,351617.63,1789624029524.8,0,forward,0
22368,0,50,150,351766.77,351767.63,1789624029674.8,0,forward,0
22369,0,50,150,351916.77,351917.54,1789624029824.8,0,forward,0
22370,0,50,150,352066.77,352067.51,1789624029974.8,0,forward,0
22371,0,50,150,352216.77,352217.41,1789624030124.8,0,forward,0
22372,0,50,150,352366.77,352367.41,1789624030274.8,0,forward,0
22373,0,50,150,352516.77,352517.50,1789624030424.8,0,forward,0
22374,0,50,150,352666.77,352667.33,1789624030574.8,0,forward,0
22375,0,50,150,352816.77,352817.41,1789624030724.8,0,forward,0
22376,0,50,150,352966.77,352967.41,1789624030874.8,0,forward,0
22377,0,50,150,353116.84,353117.59,1789624031024.8,0,forward,0
22378,0,50,150,353266.77,353267.48,1789624031174.8,0,forward,0
22379,0,50,150,353416.77,353417.62,1789624031324.8,0,forward,0
22380,0,50,150,353566.77,353567.45,1789624031474.8,0,forward,0
22381,0,50,150,353716.77,353717.17,1789624031624.8,0,forward,0
22382,0,50,150,353866.78,353867.38,1789624031774.8,0,forward,0
22383,0,50,150,354016.77,354017.65,1789624031924.8,0,forward,0
22384,0,50,150,354166.77,354167.33,1789624032074.8,0,forward,0
22385,0,50,150,354316.77,354317.41,1789624032224.8,0,forward,0
22386,0,50,150,354466.77,354467.34,1789624032374.8,0,forward,0
22387,0,50,150,354616.77,354617.21,1789624032524.8,0,forward,0
22388,0,50,150,354766.77,354767.36,1789624032674.8,0,forward,0
22389,0,50,150,354916.77,354917.50,1789624032824.8,0,forward,0
22390,0,50,150,355066.77,355067.25,1789624032974.8,0,forward,0
22391,0,50,150,355216.77,355217.30,1789624033124.8,0,forward,0
22392,0,50,150,355366.77,355367.31,1789624033274.8,0,forward,0
22393,0,50,150,355516.77,355517.36,1789624033424.8,0,forward,0
22394,0,50,150,355666.77,355667.25,1789624033574.8,0,forward,0
22395,0,50,150,355816.77,355817.20,1789624033724.8,0,forward,0
22396,0,50,150,355966.77,355967.17,1789624033874.8,0,forward,0
22397,0,50,150,356116.77,356117.30,1789624034024.8,0,forward,0
22398,0,50,150,356266.77,356267.24,1789624034174.8,0,forward,0
22399,0,50,150,356416.77,356417.32,1789624034324.8,0,forward,0
22400,0,50,150,356417.36,356417.88,1789624034325.4,0,forward,0
22401,0,50,150,356567.36,356567.89,1789624034475.4,0,forward,0
22402,0,50,150,356717.49,356718.02,1789624034625.5,0,forward,0
22403,0,50,150,356867.36,356867.84,1789624034775.4,0,forward,0
22404,0,50,150,357017.36,357017.82,1789624034925.4,0,forward,0
22405,0,50,150,357167.36,357167.91,1789624035075.4,0,forward,0
22406,0,50,150,357317.36,357317.82,1789624035225.4,0,forward,0
22407,0,50,150,357467.36,357467.94,1789624035375.4,0,forward,0
22408,0,50,150,357617.36,357617.84,1789624035525.4,0,forward,0
22409,0,50,150,357767.36,357767.85,1789624035675.4,0,forward,0
22410,0,50,150,357917.36,357917.86,1789624035825.4,0,forward,0
22411,0,50,150,358067.36,358067.86,1789624035975.4,0,forward,0
22412,0,50,150,358217.36,358217.80,1789624036125.4,0,forward,0
22413,0,50,150,358367.36,358367.88,1789624036275.4,0,forward,0
22414,0,50,150,358517.36,358517.87,1789624036425.4,0,forward,0
22415,0,50,150,358667.36,358668.04,1789624036575.4,0,forward,0
22416,0,50,150,358817.36,358817.79,1789624036725.4,0,forward,0
22417,0,50,150,358967.36,358967.85,1789624036875.4,0,forward,0
22418,0,50,150,359117.36,359117.97,1789624037025.4,0,forward,0
22419,0,50,150,359267.36,359267.87,1789624037175.4,0,forward,0
22420,0,50,150,359417.36,359417.91,1789624037325.4,0,forward,0
22421,0,50,150,359567.36,359567.90,1789624037475.4,0,forward,0
22422,0,50,150,359717.37,359717.88,1789624037625.4,0,forward,0
22423,0,50,150,359867.36,359867.87,1789624037775.4,0,forward,0
22424,0,50,150,360017.36,360017.86,1789624037925.4,0,forward,0
22425,0,50,150,360168.35,360168.88,1789624038076.4,0,forward,0
22426,0,50,150,360317.36,360317.84,1789624038225.4,0,forward,0
22427,0,50,150,360467.50,360468.07,1789624038375.5,0,forward,0
22428,0,50,150,360617.36,360617.88,1789624038525.4,0,forward,0
22429,0,50,150,360767.36,360767.88,1789624038675.4,0,forward,0
22430,0,50,150,360917.36,360917.84,1789624038825.4,0,forward,0
22431,0,50,150,361067.36,361067.94,1789624038975.4,0,forward,0
22432,0,50,150,361217.36,361217.91,1789624039125.4,0,forward,0
22433,0,50,150,361367.36,361368.12,1789624039275.4,0,forward,0
22434,0,50,150,361517.36,361517.93,1789624039425.4,0,forward,0
22435,0,50,150,361667.36,361667.76,1789624039575.4,0,forward,0
22436,0,50,150,361817.36,361817.81,1789624039725.4,0,forward,0
22437,0,50,150,361967.36,361967.88,1789624039875.4,0,forward,0
22438,0,50,150,362117.36,362117.90,1789624040025.4,0,forward,0
22439,0,50,150,362267.36,362267.88,1789624040175.4,0,forward,0
22440,0,50,150,362417.36,362417.89,1789624040325.4,0,forward,0
22441,0,50,150,362567.36,362567.89,1789624040475.4,0,forward,0
22442,0,50,150,362717.36,362717.88,1789624040625.4,0,forward,0
22443,0,50,150,362867.36,362867.87,1789624040775.4,0,forward,0
22444,0,50,150,363017.36,363017.84,1789624040925.4,0,forward,0
22445,0,50,150,363167.37,363167.89,1789624041075.4,0,forward,0
22446,0,50,150,363317.36,363317.85,1789624041225.4,0,forward,0
22447,0,50,150,363467.36,363467.89,1789624041375.4,0,forward,0
22448,0,50,150,363617.36,363617.93,1789624041525.4,0,forward,0
22449,0,50,150,363767.36,363767.89,1789624041675.4,0,forward,0
22450,0,50,150,363917.36,363917.86,1789624041825.4,0,forward,0
22451,0,50,150,364067.36,364068.07,1789624041975.4,0,forward,0
22452,0,50,150,364217.36,364217.90,1789624042125.4,0,forward,0
22453,0,50,150,364367.36,364367.90,1789624042275.4,0,forward,0
22454,0,50,150,364517.40,364518.02,1789624042425.4,0,forward,0
22455,0,50,150,364667.36,364668.18,1789624042575.4,0,forward,0
22456,0,50,150,364817.36,364817.97,1789624042725.4,0,forward,0
22457,0,50,150,364967.36,364967.89,1789624042875.4,0,forward,0
22458,0,50,150,365117.36,365117.86,1789624043025.4,0,forward,0
22459,0,50,150,365267.36,365267.93,1789624043175.4,0,forward,0
22460,0,50,150,365417.36,365417.96,1789624043325.4,0,forward,0
22461,0,50,150,365567.36,365567.86,1789624043475.4,0,forward,0
22462,0,50,150,365717.36,365718.02,1789624043625.4,0,forward,0
22463,0,50,150,365867.36,365867.79,1789624043775.4,0,forward,0
22464,0,50,150,366017.36,366017.80,1789624043925.4,0,forward,0
22465,0,50,150,366167.36,366167.97,1789624044075.4,0,forward,0
22466,0,50,150,366317.50,366318.10,1789624044225.5,0,forward,0
22467,0,50,150,366467.36,366467.87,1789624044375.4,0,forward,0
22468,0,50,150,366617.36,366617.80,1789624044525.4,0,forward,0
22469,0,50,150,366767.36,366767.87,1789624044675.4,0,forward,0
22470,0,50,150,366917.36,366917.92,1789624044825.4,0,forward,0
22471,0,50,150,367067.36,367067.87,1789624044975.4,0,forward,0
22472,0,50,150,367217.36,367217.90,1789624045125.4,0,forward,0
22473,0,50,150,367367.56,367368.16,1789624045275.6,0,forward,0
22474,0,50,150,367517.36,367517.87,1789624045425.4,0,forward,0
22475,0,50,150,367667.36,367667.95,1789624045575.4,0,forward,0
22476,0,50,150,367817.36,367817.82,1789624045725.4,0,forward,0
22477,0,50,150,367967.36,367968.01,1789624045875.4,0,forward,0
22478,0,50,150,368117.36,368117.83,1789624046025.4,0,forward,0
22479,0,50,150,368267.36,368267.92,1789624046175.4,0,forward,0
22480,0,50,150,368417.36,368417.85,1789624046325.4,0,forward,0
22481,0,50,150,368567.36,368567.80,1789624046475.4,0,forward,0
22482,0,50,150,368717.36,368717.90,1789624046625.4,0,forward,0
22483,0,50,150,368867.36,368867.91,1789624046775.4,0,forward,0
22484,0,50,150,369017.36,369018.02,1789624046925.4,0,forward,0
22485,0,50,150,369167.36,369167.89,1789624047075.4,0,forward,0
22486,0,50,150,369317.36,369317.91,1789624047225.4,0,forward,0
22487,0,50,150,369467.36,369467.86,1789624047375.4,0,forward,0
22488,0,50,150,369617.36,369617.89,1789624047525.4,0,forward,0
22489,0,50,150,369767.36,369767.93,1789624047675.4,0,forward,0
22490,0,50,150,369917.36,369917.75,1789624047825.4,0,forward,0
22491,0,50,150,370067.36,370067.85,1789624047975.4,0,forward,0
22492,0,50,150,370217.36,370217.88,1789624048125.4,0,forward,0
22493,0,50,150,370367.36,370367.86,1789624048275.4,0,forward,0
22494,0,50,150,370517.36,370517.87,1789624048425.4,0,forward,0
22495,0,50,150,370667.36,370667.87,1789624048575.4,0,forward,0
22496,0,50,150,370817.36,370817.89,1789624048725.4,0,forward,0
22497,0,50,150,370967.36,370967.87,1789624048875.4,0,forward,0
22498,0,50,150,371117.36,371117.89,1789624049025.4,0,forward,0
22499,0,50,150,371267.36,371267.84,1789624049175.4,0,forward,0
22500,0,50,150,371267.87,371268.23,1789624049175.9,0,forward,0
22501,0,50,150,371417.87,371418.77,1789624049325.9,0,forward,0
22502,0,50,150,371567.87,371568.42,1789624049475.9,0,forward,0
22503,0,50,150,371717.87,371718.27,1789624049625.9,0,forward,0
22504,0,50,150,371867.87,371868.39,1789624049775.9,0,forward,0
22505,0,50,150,372017.87,372018.33,1789624049925.9,0,forward,0
22506,0,50,150,372167.87,372168.17,1789624050075.9,0,forward,0
22507,0,50,150,372317.87,372318.28,1789624050225.9,0,forward,0
22508,0,50,150,372467.87,372468.35,1789624050375.9,0,forward,0
22509,0,50,150,372617.87,372618.32,1789624050525.9,0,forward,0
22510,0,50,150,372767.87,372768.37,1789624050675.9,0,forward,0
22511,0,50,150,372917.87,372918.37,1789624050825.9,0,forward,0
22512,0,50,150,373067.87,373068.51,1789624050975.9,0,forward,0
22513,0,50,150,373217.87,373218.37,1789624051125.9,0,forward,0
22514,0,50,150,373367.87,373368.39,1789624051275.9,0,forward,0
22515,0,50,150,373517.87,373518.41,1789624051425.9,0,forward,0
22516,0,50,150,373667.87,373668.41,1789624051575.9,0,forward,0
22517,0,50,150,373817.87,373818.37,1789624051725.9,0,forward,0
22518,0,50,150,373967.87,373968.44,1789624051875.9,0,forward,0
22519,0,50,150,374117.87,374118.36,1789624052025.9,0,forward,0
22520,0,50,150,374267.87,374268.39,1789624052175.9,0,forward,0
22521,0,50,150,374417.87,374418.34,1789624052325.9,0,forward,0
22522,0,50,150,374567.87,374568.33,1789624052475.9,0,forward,0
22523,0,50,150,374717.88,374718.26,1789624052625.9,0,forward,0
22524,0,50,150,374867.87,374868.35,1789624052775.9,0,forward,0
22525,0,50,150,375017.87,375018.34,1789624052925.9,0,forward,0
22526,0,50,150,375167.87,375168.46,1789624053075.9,0,forward,0
22527,0,50,150,375317.87,375318.39,1789624053225.9,0,forward,0
22528,0,50,150,375467.87,375468.39,1789624053375.9,0,forward,0
22529,0,50,150,375617.87,375618.49,1789624053525.9,0,forward,0
22530,0,50,150,375767.87,375768.34,1789624053675.9,0,forward,0
22531,0,50,150,375917.87,375918.37,1789624053825.9,0,forward,0
22532,0,50,150,376067.87,376068.23,1789624053975.9,0,forward,0
22533,0,50,150,376217.87,376218.27,1789624054125.9,0,forward,0
22534,0,50,150,376367.87,376368.42,1789624054275.9,0,forward,0
22535,0,50,150,376517.87,376518.36,1789624054425.9,0,forward,0
22536,0,50,150,376667.87,376668.40,1789624054575.9,0,forward,0
22537,0,50,150,376817.87,376818.42,1789624054725.9,0,forward,0
22538,0,50,150,376967.87,376968.38,1789624054875.9,0,forward,0
22539,0,50,150,377117.87,377118.44,1789624055025.9,0,forward,0
22540,0,50,150,377267.87,377268.27,1789624055175.9,0,forward,0
22541,0,50,150,377417.87,377418.61,1789624055325.9,0,forward,0
22542,0,50,150,377567.87,377568.69,1789624055475.9,0,forward,0
22543,0,50,150,377717.87,377718.35,1789624055625.9,0,forward,0
22544,0,50,150,377867.87,377868.30,1789624055775.9,0,forward,0
22545,0,50,150,378017.87,378018.40,1789624055925.9,0,forward,0
22546,0,50,150,378167.87,378168.52,1789624056075.9,0,forward,0
22547,0,50,150,378317.87,378318.32,1789624056225.9,0,forward,0
22548,0,50,150,378467.87,378468.43,1789624056375.9,0,forward,0
22549,0,50,150,378617.87,378618.41,1789624056525.9,0,forward,0
22550,0,50,150,378767.87,378768.49,1789624056675.9,0,forward,0
22551,0,50,150,378917.87,378918.45,1789624056825.9,0,forward,0
22552,0,50,150,379067.87,379068.38,1789624056975.9,0,forward,0
22553,0,50,150,379217.87,379218.74,1789624057125.9,0,forward,0
22554,0,50,150,379367.87,379368.33,1789624057275.9,0,forward,0
22555,0,50,150,379517.87,379518.39,1789624057425.9,0,forward,0
22556,0,50,150,379667.87,379668.39,1789624057575.9,0,forward,0
22557,0,50,150,379817.87,379818.38,1789624057725.9,0,forward,0
22558,0,50,150,379967.87,379968.57,1789624057875.9,0,forward,0
22559,0,50,150,380117.87,380118.54,1789624058025.9,0,forward,0
22560,0,50,150,380267.87,380268.39,1789624058175.9,0,forward,0
22561,0,50,150,380417.87,380418.41,1789624058325.9,0,forward,0
22562,0,50,150,380567.87,380568.61,1789624058475.9,0,forward,0
22563,0,50,150,380717.87,380718.42,1789624058625.9,0,forward,0
22564,0,50,150,380867.89,380868.84,1789624058775.9,0,forward,0
22565,0,50,150,381017.87,381018.76,1789624058925.9,0,forward,0
22566,0,50,150,381167.87,381168.52,1789624059075.9,0,forward,0
22567,0,50,150,381317.87,381318.58,1789624059225.9,0,forward,0
22568,0,50,150,381467.87,381468.46,1789624059375.9,0,forward,0
22569,0,50,150,381617.87,381618.37,1789624059525.9,0,forward,0
22570,0,50,150,381767.87,381768.60,1789624059675.9,0,forward,0
22571,0,50,150,381917.87,381918.48,1789624059825.9,0,forward,0
22572,0,50,150,382067.87,382068.54,1789624059975.9,0,forward,0
22573,0,50,150,382217.87,382218.56,1789624060125.9,0,forward,0
22574,0,50,150,382367.99,382368.60,1789624060276.0,0,forward,0
22575,0,50,150,382517.87,382518.38,1789624060425.9,0,forward,0
22576,0,50,150,382667.87,382668.46,1789624060575.9,0,forward,0
22577,0,50,150,382817.87,382818.41,1789624060725.9,0,forward,0
22578,0,50,150,382967.87,382968.43,1789624060875.9,0,forward,0
22579,0,50,150,383117.87,383118.41,1789624061025.9,0,forward,0
22580,0,50,150,383267.87,383268.40,1789624061175.9,0,forward,0
22581,0,50,150,383417.87,383418.47,1789624061325.9,0,forward,0
22582,0,50,150,383567.87,383568.36,1789624061475.9,0,forward,0
22583,0,50,150,383717.87,383718.47,1789624061625.9,0,forward,0
22584,0,50,150,383867.87,383868.44,1789624061775.9,0,forward,0
22585,0,50,150,384017.87,384018.35,1789624061925.9,0,forward,0
22586,0,50,150,384167.87,384168.44,1789624062075.9,0,forward,0
22587,0,50,150,384317.87,384318.56,1789624062225.9,0,forward,0
22588,0,50,150,384467.87,384468.52,1789624062375.9,0,forward,0
22589,0,50,150,384617.87,384618.36,1789624062525.9,0,forward,0
22590,0,50,150,384767.87,384768.44,1789624062675.9,0,forward,0
22591,0,50,150,384917.87,384918.27,1789624062825.9,0,forward,0
22592,0,50,150,385067.87,385068.31,1789624062975.9,0,forward,0
22593,0,50,150,385217.87,385218.50,1789624063125.9,0,forward,0
22594,0,50,150,385367.87,385368.58,1789624063275.9,0,forward,0
22595,0,50,150,385517.87,385518.39,1789624063425.9,0,forward,0
22596,0,50,150,385667.87,385668.59,1789624063575.9,0,forward,0
22597,0,50,150,385817.87,385818.44,1789624063725.9,0,forward,0
22598,0,50,150,385967.87,385968.40,1789624063875.9,0,forward,0
22599,0,50,150,386117.87,386118.42,1789624064025.9,0,forward,0
22600,0,50,150,386118.47,386118.97,1789624064026.5,0,forward,0
22601,0,50,150,386268.47,386269.13,1789624064176.5,0,forward,0
22602,0,50,150,386418.47,386419.05,1789624064326.5,0,forward,0
22603,0,50,150,386568.47,386569.00,1789624064476.5,0,forward,0
22604,0,50,150,386718.47,386719.02,1789624064626.5,0,forward,0
22605,0,50,150,386868.47,386869.24,1789624064776.5,0,forward,0
22606,0,50,150,387018.47,387019.07,1789624064926.5,0,forward,0
22607,0,50,150,387168.47,387169.05,1789624065076.5,0,forward,0
22608,0,50,150,387318.47,387319.05,1789624065226.5,0,forward,0
22609,0,50,150,387468.47,387468.97,1789624065376.5,0,forward,0
22610,0,50,150,387618.47,387619.06,1789624065526.5,0,forward,0
22611,0,50,150,387768.47,387768.95,1789624065676.5,0,forward,0
22612,0,50,150,387918.47,387918.99,1789624065826.5,0,forward,0
22613,0,50,150,388068.47,388069.03,1789624065976.5,0,forward,0
22614,0,50,150,388218.47,388219.09,1789624066126.5,0,forward,0
22615,0,50,150,388368.47,388368.99,1789624066276.5,0,forward,0
22616,0,50,150,388518.47,388518.91,1789624066426.5,0,forward,0
22617,0,50,150,388668.47,388669.04,1789624066576.5,0,forward,0
22618,0,50,150,388818.47,388818.98,1789624066726.5,0,forward,0
22619,0,50,150,388968.47,388968.98,1789624066876.5,0,forward,0
22620,0,50,150,389118.47,389118.96,1789624067026.5,0,forward,0
22621,0,50,150,389268.47,389269.29,1789624067176.5,0,forward,0
22622,0,50,150,389418.47,389419.04,1789624067326.5,0,forward,0
22623,0,50,150,389568.47,389569.37,1789624067476.5,0,forward,0
22624,0,50,150,389718.47,389719.12,1789624067626.5,0,forward,0
22625,0,50,150,389868.47,389868.98,1789624067776.5,0,forward,0
22626,0,50,150,390018.47,390019.27,1789624067926.5,0,forward,0
22627,0,50,150,390168.47,390169.25,1789624068076.5,0,forward,0
22628,0,50,150,390318.47,390319.15,1789624068226.5,0,forward,0
22629,0,50,150,390468.47,390469.20,1789624068376.5,0,forward,0
22630,0,50,150,390618.47,390619.01,1789624068526.5,0,forward,0
22631,0,50,150,390768.47,390769.24,1789624068676.5,0,forward,0
22632,0,50,150,390918.47,390919.02,1789624068826.5,0,forward,0
22633,0,50,150,391068.47,391068.98,1789624068976.5,0,forward,0
22634,0,50,150,391218.47,391219.17,1789624069126.5,0,forward,0
22635,0,50,150,391368.47,391369.15,1789624069276.5,0,forward,0
22636,0,50,150,391518.47,391519.03,1789624069426.5,0,forward,0
22637,0,50,150,391668.47,391668.94,1789624069576.5,0,forward,0
22638,0,50,150,391818.47,391819.19,1789624069726.5,0,forward,0
22639,0,50,150,391968.47,391969.06,1789624069876.5,0,forward,0
22640,0,50,150,392118.47,392119.10,1789624070026.5,0,forward,0
22641,0,50,150,392268.50,392269.27,1789624070176.5,0,forward,0
22642,0,50,150,392418.47,392419.21,1789624070326.5,0,forward,0
22643,0,50,150,392568.47,392568.99,1789624070476.5,0,forward,0
22644,0,50,150,392718.47,392719.03,1789624070626.5,0,forward,0
22645,0,50,150,392868.47,392869.12,1789624070776.5,0,forward,0
22646,0,50,150,393018.57,393019.32,1789624070926.6,0,forward,0
22647,0,50,150,393168.47,393169.16,1789624071076.5,0,forward,0
22648,0,50,150,393318.49,393318.93,1789624071226.5,0,forward,0
22649,0,50,150,393468.50,393469.35,1789624071376.5,0,forward,0
22650,0,50,150,393618.47,393619.27,1789624071526.5,0,forward,0
22651,0,50,150,393768.47,393769.07,1789624071676.5,0,forward,0
22652,0,50,150,393918.47,393918.96,1789624071826.5,0,forward,0
22653,0,50,150,394068.47,394069.09,1789624071976.5,0,forward,0
22654,0,50,150,394218.63,394219.23,1789624072126.6,0,forward,0
22655,0,50,150,394368.47,394369.03,1789624072276.5,0,forward,0
22656,0,50,150,394518.48,394519.08,1789624072426.5,0,forward,0
22657,0,50,150,394668.47,394669.14,1789624072576.5,0,forward,0
22658,0,50,150,394818.47,394819.03,1789624072726.5,0,forward,0
22659,0,50,150,394969.12,394969.58,1789624072877.1,0,forward,0
22660,0,50,150,395118.47,395119.09,1789624073026.5,0,forward,0
22661,0,50,150,395268.47,395269.19,1789624073176.5,0,forward,0
22662,0,50,150,395418.47,395419.48,1789624073326.5,0,forward,0
22663,0,50,150,395568.47,395569.11,1789624073476.5,0,forward,0
22664,0,50,150,395718.47,395719.22,1789624073626.5,0,forward,0
22665,0,50,150,395868.47,395869.04,1789624073776.5,0,forward,0
22666,0,50,150,396018.47,396019.09,1789624073926.5,0,forward,0
22667,0,50,150,396168.47,396169.26,1789624074076.5,0,forward,0
22668,0,50,150,396318.47,396318.92,1789624074226.5,0,forward,0
22669,0,50,150,396468.47,396469.05,1789624074376.5,0,forward,0
22670,0,50,150,396618.47,396619.16,1789624074526.5,0,forward,0
22671,0,50,150,396768.47,396769.14,1789624074676.5,0,forward,0
22672,0,50,150,396918.47,396919.18,1789624074826.5,0,forward,0
22673,0,50,150,397068.47,397069.01,1789624074976.5,0,forward,0
22674,0,50,150,397218.47,397219.12,1789624075126.5,0,forward,0
22675,0,50,150,397368.47,397369.01,1789624075276.5,0,forward,0
22676,0,50,150,397518.47,397519.32,1789624075426.5,0,forward,0
22677,0,50,150,397668.47,397669.12,1789624075576.5,0,forward,0
22678,0,50,150,397818.47,397819.27,1789624075726.5,0,forward,0
22679,0,50,150,397968.47,397969.06,1789624075876.5,0,forward,0
22680,0,50,150,398118.47,398119.05,1789624076026.5,0,forward,0
22681,0,50,150,398268.47,398269.06,1789624076176.5,0,forward,0
22682,0,50,150,398418.47,398419.03,1789624076326.5,0,forward,0
22683,0,50,150,398568.47,398569.32,1789624076476.5,0,forward,0
22684,0,50,150,398718.47,398719.15,1789624076626.5,0,forward,0
22685,0,50,150,398868.47,398869.29,1789624076776.5,0,forward,0
22686,0,50,150,399018.47,399019.15,1789624076926.5,0,forward,0
22687,0,50,150,399168.47,399169.11,1789624077076.5,0,forward,0
22688,0,50,150,399318.47,399319.42,1789624077226.5,0,forward,0
22689,0,50,150,399468.47,399469.12,1789624077376.5,0,forward,0
22690,0,50,150,399618.47,399619.13,1789624077526.5,0,forward,0
22691,0,50,150,399768.47,399769.22,1789624077676.5,0,forward,0
22692,0,50,150,399918.47,399919.68,1789624077826.5,0,forward,0
22693,0,50,150,400068.47,400069.26,1789624077976.5,0,forward,0
22694,0,50,150,400218.47,400219.26,1789624078126.5,0,forward,0
22695,0,50,150,400368.48,400369.27,1789624078276.5,0,forward,0
22696,0,50,150,400518.47,400519.08,1789624078426.5,0,forward,0
22697,0,50,150,400668.47,400669.05,1789624078576.5,0,forward,0
22698,0,50,150,400818.47,400819.18,1789624078726.5,0,forward,0
22699,0,50,150,400968.49,400969.15,1789624078876.5,0,forward,0
22700,0,50,150,400969.18,400969.70,1789624078877.2,0,forward,0
22701,0,50,150,401119.18,401119.67,1789624079027.2,0,forward,0
22702,0,50,150,401270.12,401270.76,1789624079178.1,0,forward,0
22703,0,50,150,401419.18,401420.17,1789624079327.2,0,forward,0
22704,0,50,150,401569.18,401569.69,1789624079477.2,0,forward,0
22705,0,50,150,401719.19,401719.79,1789624079627.2,0,forward,0
22706,0,50,150,401869.33,401869.77,1789624079777.3,0,forward,0
22707,0,50,150,402019.18,402019.73,1789624079927.2,0,forward,0
22708,0,50,150,402169.18,402169.93,1789624080077.2,0,forward,0
22709,0,50,150,402320.13,402320.55,1789624080228.1,0,forward,0
22710,0,50,150,402469.18,402469.83,1789624080377.2,0,forward,0
22711,0,50,150,402619.18,402619.93,1789624080527.2,0,forward,0
22712,0,50,150,402769.18,402769.69,1789624080677.2,0,forward,0
22713,0,50,150,402919.18,402919.71,1789624080827.2,0,forward,0
22714,0,50,150,403069.18,403069.93,1789624080977.2,0,forward,0
22715,0,50,150,403219.18,403219.79,1789624081127.2,0,forward,0
22716,0,50,150,403369.19,403369.65,1789624081277.2,0,forward,0
22717,0,50,150,403519.19,403519.80,1789624081427.2,0,forward,0
22718,0,50,150,403669.18,403669.82,1789624081577.2,0,forward,0
22719,0,50,150,403819.18,403819.93,1789624081727.2,0,forward,0
22720,0,50,150,403969.18,403970.21,1789624081877.2,0,forward,0
22721,0,50,150,404119.18,404119.73,1789624082027.2,0,forward,0
22722,0,50,150,404269.18,404269.91,1789624082177.2,0,forward,0
22723,0,50,150,404419.18,404419.74,1789624082327.2,0,forward,0
22724,0,50,150,404569.32,404570.00,1789624082477.3,0,forward,0
22725,0,50,150,404719.18,404719.89,1789624082627.2,0,forward,0
22726,0,50,150,404869.18,404869.75,1789624082777.2,0,forward,0
22727,0,50,150,405019.18,405019.86,1789624082927.2,0,forward,0
22728,0,50,150,405169.26,405169.99,1789624083077.3,0,forward,0
22729,0,50,150,405319.18,405319.96,1789624083227.2,0,forward,0
22730,0,50,150,405469.18,405469.87,1789624083377.2,0,forward,0
22731,0,50,150,405619.20,405620.12,1789624083527.2,0,forward,0
22732,0,50,150,405769.18,405769.83,1789624083677.2,0,forward,0
22733,0,50,150,405919.18,405919.93,1789624083827.2,0,forward,0
22734,0,50,150,406069.18,406069.75,1789624083977.2,0,forward,0
22735,0,50,150,406219.18,406219.92,1789624084127.2,0,forward,0
22736,0,50,150,406369.18,406369.93,1789624084277.2,0,forward,0
22737,0,50,150,406519.18,406519.83,1789624084427.2,0,forward,0
22738,0,50,150,406669.18,406669.73,1789624084577.2,0,forward,0
22739,0,50,150,406819.18,406819.83,1789624084727.2,0,forward,0
22740,0,50,150,406969.18,406969.91,1789624084877.2,0,forward,0
22741,0,50,150,407119.18,407119.80,1789624085027.2,0,forward,0
22742,0,50,150,407269.20,407269.81,1789624085177.2,0,forward,0
22743,0,50,150,407419.18,407419.83,1789624085327.2,0,forward,0
22744,0,50,150,407569.18,407569.91,1789624085477.2,0,forward,0
22745,0,50,150,407719.18,407719.86,1789624085627.2,0,forward,0
22746,0,50,150,407869.18,407869.86,1789624085777.2,0,forward,0
22747,0,50,150,408019.18,408019.97,1789624085927.2,0,forward,0
22748,0,50,150,408170.12,408170.53,1789624086078.1,0,forward,0
22749,0,50,150,408319.18,408320.18,1789624086227.2,0,forward,0
22750,0,50,150,408469.18,408469.88,1789624086377.2,0,forward,0
22751,0,50,150,408619.18,408619.94,1789624086527.2,0,forward,0
22752,0,50,150,408769.19,408769.83,1789624086677.2,0,forward,0
22753,0,50,150,408919.18,408919.80,1789624086827.2,0,forward,0
22754,0,50,150,409069.18,409069.92,1789624086977.2,0,forward,0
22755,0,50,150,409219.18,409219.79,1789624087127.2,0,forward,0
22756,0,50,150,409369.18,409370.03,1789624087277.2,0,forward,0
22757,0,50,150,409519.18,409519.86,1789624087427.2,0,forward,0
22758,0,50,150,409669.18,409669.84,1789624087577.2,0,forward,0
22759,0,50,150,409819.18,409819.80,1789624087727.2,0,forward,0
22760,0,50,150,409969.19,409969.91,1789624087877.2,0,forward,0
22761,0,50,150,410119.18,410119.89,1789624088027.2,0,forward,0
22762,0,50,150,410269.18,410270.01,1789624088177.2,0,forward,0
22763,0,50,150,410419.18,410419.86,1789624088327.2,0,forward,0
22764,0,50,150,410569.18,410569.87,1789624088477.2,0,forward,0
22765,0,50,150,410719.18,410719.80,1789624088627.2,0,forward,0
22766,0,50,150,410869.18,410869.61,1789624088777.2,0,forward,0
22767,0,50,150,411019.18,411019.88,1789624088927.2,0,forward,0
22768,0,50,150,411169.19,411169.79,1789624089077.2,0,forward,0
22769,0,50,150,411319.20,411319.95,1789624089227.2,0,forward,0
22770,0,50,150,411469.19,411469.77,1789624089377.2,0,forward,0
22771,0,50,150,411620.12,411620.76,1789624089528.1,0,forward,0
22772,0,50,150,411769.18,411769.80,1789624089677.2,0,forward,0
22773,0,50,150,411919.18,411919.91,1789624089827.2,0,forward,0
22774,0,50,150,412070.16,412070.95,1789624089978.2,0,forward,0
22775,0,50,150,412219.18,412220.04,1789624090127.2,0,forward,0
22776,0,50,150,412369.18,412369.90,1789624090277.2,0,forward,0
22777,0,50,150,412519.18,412519.98,1789624090427.2,0,forward,0
22778,0,50,150,412669.18,412669.90,1789624090577.2,0,forward,0
22779,0,50,150,412819.18,412819.80,1789624090727.2,0,forward,0
22780,0,50,150,412969.18,412969.60,1789624090877.2,0,forward,0
22781,0,50,150,413119.18,413119.86,1789624091027.2,0,forward,0
22782,0,50,150,413269.18,413269.84,1789624091177.2,0,forward,0
22783,0,50,150,413419.18,413419.90,1789624091327.2,0,forward,0
22784,0,50,150,413569.18,413569.91,1789624091477.2,0,forward,0
22785,0,50,150,413719.18,413719.68,1789624091627.2,0,forward,0
22786,0,50,150,413869.18,413869.92,1789624091777.2,0,forward,0
22787,0,50,150,414019.18,414019.97,1789624091927.2,0,forward,0
22788,0,50,150,414169.18,414169.95,1789624092077.2,0,forward,0
22789,0,50,150,414319.18,414319.83,1789624092227.2,0,forward,0
22790,0,50,150,414469.18,414469.76,1789624092377.2,0,forward,0
22791,0,50,150,414619.18,414619.69,1789624092527.2,0,forward,0
22792,0,50,150,414769.18,414769.68,1789624092677.2,0,forward,0
22793,0,50,150,414919.18,414920.17,1789624092827.2,0,forward,0
22794,0,50,150,415069.18,415069.64,1789624092977.2,0,forward,0
22795,0,50,150,415219.18,415219.74,1789624093127.2,0,forward,0
22796,0,50,150,415369.18,415369.68,1789624093277.2,0,forward,0
22797,0,50,150,415520.15,415520.73,1789624093428.2,0,forward,0
22798,0,50,150,415669.18,415669.73,1789624093577.2,0,forward,0
22799,0,50,150,415819.18,415819.84,1789624093727.2,0,forward,0
22800,0,50,150,415819.91,415820.73,1789624093727.9,0,forward,0
22801,0,50,150,415969.91,415970.57,1789624093877.9,0,forward,0
22802,0,50,150,416119.92,416120.57,1789624094027.9,0,forward,0
22803,0,50,150,416269.91,416270.66,1789624094177.9,0,forward,0
22804,0,50,150,416419.91,416420.43,1789624094327.9,0,forward,0
22805,0,50,150,416569.91,416570.47,1789624094477.9,0,forward,0
22806,0,50,150,416719.93,416720.61,1789624094627.9,0,forward,0
22807,0,50,150,416869.91,416870.57,1789624094777.9,0,forward,0
22808,0,50,150,417019.91,417020.87,1789624094927.9,0,forward,0
22809,0,50,150,417169.91,417170.60,1789624095077.9,0,forward,0
22810,0,50,150,417319.91,417320.49,1789624095227.9,0,forward,0
22811,0,50,150,417469.91,417470.51,1789624095377.9,0,forward,0
22812,0,50,150,417619.91,417620.35,1789624095527.9,0,forward,0
22813,0,50,150,417769.91,417770.44,1789624095677.9,0,forward,0
22814,0,50,150,417919.91,417920.66,1789624095827.9,0,forward,0
22815,0,50,150,418069.91,418070.47,1789624095977.9,0,forward,0
22816,0,50,150,418219.91,418220.40,1789624096127.9,0,forward,0
22817,0,50,150,418369.91,418370.22,1789624096277.9,0,forward,0
22818,0,50,150,418519.91,418520.45,1789624096427.9,0,forward,0
22819,0,50,150,418669.91,418670.43,1789624096577.9,0,forward,0
22820,0,50,150,418819.91,418820.50,1789624096727.9,0,forward,0
22821,0,50,150,418969.91,418970.43,1789624096877.9,0,forward,0
22822,0,50,150,419119.91,419120.43,1789624097027.9,0,forward,0
22823,0,50,150,419269.91,419270.41,1789624097177.9,0,forward,0
22824,0,50,150,419419.91,419420.48,1789624097327.9,0,forward,0
22825,0,50,150,419569.91,419570.37,1789624097477.9,0,forward,0
22826,0,50,150,419719.91,419720.41,1789624097627.9,0,forward,0
22827,0,50,150,419869.91,419870.38,1789624097777.9,0,forward,0
22828,0,50,150,420019.91,420020.40,1789624097927.9,0,forward,0
22829,0,50,150,420170.02,420170.45,1789624098078.0,0,forward,0
22830,0,50,150,420319.91,420320.43,1789624098227.9,0,forward,0
22831,0,50,150,420469.91,420470.42,1789624098377.9,0,forward,0
22832,0,50,150,420619.91,420620.41,1789624098527.9,0,forward,0
22833,0,50,150,420769.91,420770.41,1789624098677.9,0,forward,0
22834,0,50,150,420919.91,420920.42,1789624098827.9,0,forward,0
22835,0,50,150,421069.91,421070.44,1789624098977.9,0,forward,0
22836,0,50,150,421219.91,421220.48,1789624099127.9,0,forward,0
22837,0,50,150,421369.91,421370.43,1789624099277.9,0,forward,0
22838,0,50,150,421519.91,421520.43,1789624099427.9,0,forward,0
22839,0,50,150,421669.91,421670.48,1789624099577.9,0,forward,0
22840,0,50,150,421819.91,421820.44,1789624099727.9,0,forward,0
22841,0,50,150,421969.91,421970.44,1789624099877.9,0,forward,0
22842,0,50,150,422119.91,422120.41,1789624100027.9,0,forward,0
22843,0,50,150,422269.91,422270.47,1789624100177.9,0,forward,0
22844,0,50,150,422419.91,422420.39,1789624100327.9,0,forward,0
22845,0,50,150,422569.91,422570.45,1789624100477.9,0,forward,0
22846,0,50,150,422719.91,422720.41,1789624100627.9,0,forward,0
22847,0,50,150,422869.91,422870.45,1789624100777.9,0,forward,0
22848,0,50,150,423019.91,423020.38,1789624100927.9,0,forward,0
22849,0,50,150,423169.91,423170.40,1789624101077.9,0,forward,0
22850,0,50,150,423319.97,423320.50,1789624101228.0,0,forward,0
22851,0,50,150,423469.91,423470.41,1789624101377.9,0,forward,0
22852,0,50,150,423619.91,423620.41,1789624101527.9,0,forward,0
22853,0,50,150,423769.91,423770.44,1789624101677.9,0,forward,0
22854,0,50,150,423919.91,423920.35,1789624101827.9,0,forward,0
22855,0,50,150,424069.91,424070.39,1789624101977.9,0,forward,0
22856,0,50,150,424219.91,424220.42,1789624102127.9,0,forward,0
22857,0,50,150,424369.92,424370.45,1789624102277.9,0,forward,0
22858,0,50,150,424519.91,424520.43,1789624102427.9,0,forward,0
22859,0,50,150,424669.91,424670.41,1789624102577.9,0,forward,0
22860,0,50,150,424819.91,424820.26,1789624102727.9,0,forward,0
22861,0,50,150,424969.91,424970.53,1789624102877.9,0,forward,0
22862,0,50,150,425119.91,425120.37,1789624103027.9,0,forward,0
22863,0,50,150,425269.91,425270.38,1789624103177.9,0,forward,0
22864,0,50,150,425419.91,425420.49,1789624103327.9,0,forward,0
22865,0,50,150,425569.91,425570.43,1789624103477.9,0,forward,0
22866,0,50,150,425719.91,425720.45,1789624103627.9,0,forward,0
22867,0,50,150,425869.91,425870.37,1789624103777.9,0,forward,0
22868,0,50,150,426019.91,426020.48,1789624103927.9,0,forward,0
22869,0,50,150,426169.91,426170.45,1789624104077.9,0,forward,0
22870,0,50,150,426319.91,426320.39,1789624104227.9,0,forward,0
22871,0,50,150,426469.91,426470.47,1789624104377.9,0,forward,0
22872,0,50,150,426619.91,426620.47,1789624104527.9,0,forward,0
22873,0,50,150,426769.91,426770.40,1789624104677.9,0,forward,0
22874,0,50,150,426919.91,426920.42,1789624104827.9,0,forward,0
22875,0,50,150,427069.91,427070.41,1789624104977.9,0,forward,0
22876,0,50,150,427219.91,427220.52,1789624105127.9,0,forward,0
22877,0,50,150,427369.91,427370.46,1789624105277.9,0,forward,0
22878,0,50,150,427519.91,427520.28,1789624105427.9,0,forward,0
22879,0,50,150,427669.91,427670.31,1789624105577.9,0,forward,0
22880,0,50,150,427819.91,427820.49,1789624105727.9,0,forward,0
22881,0,50,150,427969.91,427970.39,1789624105877.9,0,forward,0
22882,0,50,150,428119.91,428120.65,1789624106027.9,0,forward,0
22883,0,50,150,428269.91,428270.35,1789624106177.9,0,forward,0
22884,0,50,150,428419.91,428420.59,1789624106327.9,0,forward,0
22885,0,50,150,428569.91,428570.46,1789624106477.9,0,forward,0
22886,0,50,150,428719.91,428720.52,1789624106627.9,0,forward,0
22887,0,50,150,428869.91,428870.38,1789624106777.9,0,forward,0
22888,0,50,150,429020.09,429020.60,1789624106928.1,0,forward,0
22889,0,50,150,429169.91,429170.37,1789624107077.9,0,forward,0
22890,0,50,150,429319.95,429320.45,1789624107227.9,0,forward,0
22891,0,50,150,429469.91,429470.46,1789624107377.9,0,forward,0
22892,0,50,150,429619.91,429620.40,1789624107527.9,0,forward,0
22893,0,50,150,429769.91,429770.40,1789624107677.9,0,forward,0
22894,0,50,150,429919.91,429920.36,1789624107827.9,0,forward,0
22895,0,50,150,430069.91,430070.43,1789624107977.9,0,forward,0
22896,0,50,150,430219.91,430220.40,1789624108127.9,0,forward,0
22897,0,50,150,430369.91,430370.44,1789624108277.9,0,forward,0
22898,0,50,150,430519.91,430520.59,1789624108427.9,0,forward,0
22899,0,50,150,430669.92,430670.58,1789624108577.9,0,forward,0
22900,0,50,150,430670.62,430671.22,1789624108578.6,0,forward,0
22901,0,50,150,430820.63,430821.24,1789624108728.6,0,forward,0
22902,0,50,150,430970.62,430971.28,1789624108878.6,0,forward,0
22903,0,50,150,431120.62,431121.26,1789624109028.6,0,forward,0
22904,0,50,150,431270.62,431271.23,1789624109178.6,0,forward,0
22905,0,50,150,431420.62,431421.33,1789624109328.6,0,forward,0
22906,0,50,150,431570.62,431571.14,1789624109478.6,0,forward,0
22907,0,50,150,431720.62,431721.37,1789624109628.6,0,forward,0
22908,0,50,150,431870.62,431871.15,1789624109778.6,0,forward,0
22909,0,50,150,432020.62,432021.43,1789624109928.6,0,forward,0
22910,0,50,150,432170.62,432171.24,1789624110078.6,0,forward,0
22911,0,50,150,432320.62,432321.32,1789624110228.6,0,forward,0
22912,0,50,150,432470.62,432471.41,1789624110378.6,0,forward,0
22913,0,50,150,432620.62,432621.29,1789624110528.6,0,forward,0
22914,0,50,150,432770.62,432771.20,1789624110678.6,0,forward,0
22915,0,50,150,432920.62,432921.18,1789624110828.6,0,forward,0
22916,0,50,150,433070.64,433071.21,1789624110978.6,0,forward,0
22917,0,50,150,433220.62,433221.32,1789624111128.6,0,forward,0
22918,0,50,150,433370.62,433371.19,1789624111278.6,0,forward,0
22919,0,50,150,433520.62,433521.16,1789624111428.6,0,forward,0
22920,0,50,150,433670.62,433671.35,1789624111578.6,0,forward,0
22921,0,50,150,433820.62,433821.18,1789624111728.6,0,forward,0
22922,0,50,150,433970.62,433971.11,1789624111878.6,0,forward,0
22923,0,50,150,434120.62,434121.17,1789624112028.6,0,forward,0
22924,0,50,150,434270.62,434271.06,1789624112178.6,0,forward,0
22925,0,50,150,434420.62,434421.06,1789624112328.6,0,forward,0
22926,0,50,150,434570.62,434571.24,1789624112478.6,0,forward,0
22927,0,50,150,434720.62,434721.27,1789624112628.6,0,forward,0
22928,0,50,150,434870.62,434871.15,1789624112778.6,0,forward,0
22929,0,50,150,435020.62,435021.07,1789624112928.6,0,forward,0
22930,0,50,150,435170.62,435171.15,1789624113078.6,0,forward,0
22931,0,50,150,435320.62,435320.97,1789624113228.6,0,forward,0
22932,0,50,150,435470.62,435471.10,1789624113378.6,0,forward,0
22933,0,50,150,435620.62,435621.16,1789624113528.6,0,forward,0
22934,0,50,150,435770.62,435771.11,1789624113678.6,0,forward,0
22935,0,50,150,435920.62,435921.13,1789624113828.6,0,forward,0
22936,0,50,150,436070.62,436071.14,1789624113978.6,0,forward,0
22937,0,50,150,436220.62,436221.16,1789624114128.6,0,forward,0
22938,0,50,150,436370.62,436371.14,1789624114278.6,0,forward,0
22939,0,50,150,436520.62,436521.12,1789624114428.6,0,forward,0
22940,0,50,150,436670.62,436671.19,1789624114578.6,0,forward,0
22941,0,50,150,436820.62,436820.93,1789624114728.6,0,forward,0
22942,0,50,150,436970.62,436970.96,1789624114878.6,0,forward,0
22943,0,50,150,437120.62,437121.15,1789624115028.6,0,forward,0
22944,0,50,150,437270.62,437271.25,1789624115178.6,0,forward,0
22945,0,50,150,437420.62,437421.19,1789624115328.6,0,forward,0
22946,0,50,150,437570.62,437571.15,1789624115478.6,0,forward,0
22947,0,50,150,437720.62,437721.42,1789624115628.6,0,forward,0
22948,0,50,150,437870.62,437871.14,1789624115778.6,0,forward,0
22949,0,50,150,438020.62,438021.20,1789624115928.6,0,forward,0
22950,0,50,150,438170.62,438171.13,1789624116078.6,0,forward,0
22951,0,50,150,438320.71,438321.29,1789624116228.7,0,forward,0
22952,0,50,150,438470.62,438471.18,1789624116378.6,0,forward,0
22953,0,50,150,438620.62,438621.17,1789624116528.6,0,forward,0
22954,0,50,150,438770.62,438771.13,1789624116678.6,0,forward,0
22955,0,50,150,438920.62,438921.12,1789624116828.6,0,forward,0
22956,0,50,150,439070.64,439071.19,1789624116978.6,0,forward,0
22957,0,50,150,439220.62,439221.15,1789624117128.6,0,forward,0
22958,0,50,150,439370.62,439371.15,1789624117278.6,0,forward,0
22959,0,50,150,439520.62,439521.09,1789624117428.6,0,forward,0
22960,0,50,150,439670.62,439671.18,1789624117578.6,0,forward,0
22961,0,50,150,439820.62,439821.21,1789624117728.6,0,forward,0
22962,0,50,150,439970.62,439971.14,1789624117878.6,0,forward,0
22963,0,50,150,440120.62,440121.04,1789624118028.6,0,forward,0
22964,0,50,150,440270.62,440271.13,1789624118178.6,0,forward,0
22965,0,50,150,440420.62,440421.15,1789624118328.6,0,forward,0
22966,0,50,150,440570.62,440571.02,1789624118478.6,0,forward,0
22967,0,50,150,440720.62,440721.17,1789624118628.6,0,forward,0
22968,0,50,150,440870.62,440871.39,1789624118778.6,0,forward,0
22969,0,50,150,441020.62,441021.07,1789624118928.6,0,forward,0
22970,0,50,150,441170.62,441171.08,1789624119078.6,0,forward,0
22971,0,50,150,441320.62,441321.17,1789624119228.6,0,forward,0
22972,0,50,150,441470.62,441471.12,1789624119378.6,0,forward,0
22973,0,50,150,441620.62,441621.11,1789624119528.6,0,forward,0
22974,0,50,150,441770.62,441771.01,1789624119678.6,0,forward,0
22975,0,50,150,441920.62,441921.01,1789624119828.6,0,forward,0
22976,0,50,150,442070.62,442071.11,1789624119978.6,0,forward,0
22977,0,50,150,442220.62,442221.13,1789624120128.6,0,forward,0
22978,0,50,150,442370.62,442371.00,1789624120278.6,0,forward,0
22979,0,50,150,442521.10,442521.40,1789624120429.1,0,forward,0
22980,0,50,150,442670.62,442671.18,1789624120578.6,0,forward,0
22981,0,50,150,442820.62,442821.15,1789624120728.6,0,forward,0
22982,0,50,150,442970.62,442971.30,1789624120878.6,0,forward,0
22983,0,50,150,443120.62,443121.11,1789624121028.6,0,forward,0
22984,0,50,150,443270.62,443271.12,1789624121178.6,0,forward,0
22985,0,50,150,443420.62,443421.13,1789624121328.6,0,forward,0
22986,0,50,150,443570.62,443571.06,1789624121478.6,0,forward,0
22987,0,50,150,443720.62,443721.16,1789624121628.6,0,forward,0
22988,0,50,150,443870.62,443871.09,1789624121778.6,0,forward,0
22989,0,50,150,444020.62,444021.12,1789624121928.6,0,forward,0
22990,0,50,150,444170.62,444171.16,1789624122078.6,0,forward,0
22991,0,50,150,444320.62,444321.09,1789624122228.6,0,forward,0
22992,0,50,150,444470.62,444471.10,1789624122378.6,0,forward,0
22993,0,50,150,444620.62,444621.05,1789624122528.6,0,forward,0
22994,0,50,150,444770.62,444771.18,1789624122678.6,0,forward,0
22995,0,50,150,444920.62,444920.95,1789624122828.6,0,forward,0
22996,0,50,150,445070.63,445071.10,1789624122978.6,0,forward,0
22997,0,50,150,445220.62,445221.17,1789624123128.6,0,forward,0
22998,0,50,150,445370.62,445371.20,1789624123278.6,0,forward,0
22999,0,50,150,445520.62,445521.09,1789624123428.6,0,forward,0
23000,0,50,150,445521.12,445521.52,1789624123429.1,0,forward,0
23001,0,50,150,445671.12,445671.62,1789624123579.1,0,forward,0
23002,0,50,150,445821.12,445821.56,1789624123729.1,0,forward,0
23003,0,50,150,445971.12,445971.65,1789624123879.1,0,forward,0
23004,0,50,150,446121.12,446121.61,1789624124029.1,0,forward,0
23005,0,50,150,446271.12,446271.57,1789624124179.1,0,forward,0
23006,0,50,150,446421.12,446421.66,1789624124329.1,0,forward,0
23007,0,50,150,446571.12,446571.74,1789624124479.1,0,forward,0
23008,0,50,150,446721.12,446721.60,1789624124629.1,0,forward,0
23009,0,50,150,446871.12,446871.64,1789624124779.1,0,forward,0
23010,0,50,150,447021.12,447021.63,1789624124929.1,0,forward,0
23011,0,50,150,447171.12,447171.53,1789624125079.1,0,forward,0
23012,0,50,150,447322.16,447322.74,1789624125230.2,0,forward,0
23013,0,50,150,447471.13,447471.72,1789624125379.1,0,forward,0
23014,0,50,150,447621.12,447621.60,1789624125529.1,0,forward,0
23015,0,50,150,447771.12,447771.65,1789624125679.1,0,forward,0
23016,0,50,150,447921.12,447921.63,1789624125829.1,0,forward,0
23017,0,50,150,448071.12,448071.57,1789624125979.1,0,forward,0
23018,0,50,150,448221.12,448221.45,1789624126129.1,0,forward,0
23019,0,50,150,448371.12,448371.57,1789624126279.1,0,forward,0
23020,0,50,150,448521.19,448521.72,1789624126429.2,0,forward,0
23021,0,50,150,448671.12,448671.65,1789624126579.1,0,forward,0
23022,0,50,150,448821.12,448821.55,1789624126729.1,0,forward,0
23023,0,50,150,448971.12,448971.53,1789624126879.1,0,forward,0
23024,0,50,150,449121.12,449121.55,1789624127029.1,0,forward,0
23025,0,50,150,449271.12,449271.57,1789624127179.1,0,forward,0
23026,0,50,150,449421.12,449421.62,1789624127329.1,0,forward,0
23027,0,50,150,449571.12,449571.65,1789624127479.1,0,forward,0
23028,0,50,150,449721.12,449721.65,1789624127629.1,0,forward,0
23029,0,50,150,449871.12,449871.46,1789624127779.1,0,forward,0
23030,0,50,150,450021.12,450021.65,1789624127929.1,0,forward,0
23031,0,50,150,450171.12,450171.55,1789624128079.1,0,forward,0
23032,0,50,150,450321.12,450321.84,1789624128229.1,0,forward,0
23033,0,50,150,450471.12,450471.56,1789624128379.1,0,forward,0
23034,0,50,150,450621.12,450621.65,1789624128529.1,0,forward,0
23035,0,50,150,450772.18,450772.70,1789624128680.2,0,forward,0
23036,0,50,150,450921.23,450921.74,1789624128829.2,0,forward,0
23037,0,50,150,451071.12,451071.64,1789624128979.1,0,forward,0
23038,0,50,150,451221.12,451221.56,1789624129129.1,0,forward,0
23039,0,50,150,451371.12,451371.61,1789624129279.1,0,forward,0
23040,0,50,150,451521.12,451521.53,1789624129429.1,0,forward,0
23041,0,50,150,451671.12,451671.82,1789624129579.1,0,forward,0
23042,0,50,150,451821.12,451821.63,1789624129729.1,0,forward,0
23043,0,50,150,451971.12,451971.47,1789624129879.1,0,forward,0
23044,0,50,150,452121.12,452121.66,1789624130029.1,0,forward,0
23045,0,50,150,452271.12,452271.60,1789624130179.1,0,forward,0
23046,0,50,150,452421.13,452421.66,1789624130329.1,0,forward,0
23047,0,50,150,452571.12,452571.52,1789624130479.1,0,forward,0
23048,0,50,150,452721.12,452721.68,1789624130629.1,0,forward,0
23049,0,50,150,452871.12,452871.59,1789624130779.1,0,forward,0
23050,0,50,150,453021.12,453021.56,1789624130929.1,0,forward,0
23051,0,50,150,453171.12,453171.74,1789624131079.1,0,forward,0
23052,0,50,150,453321.12,453321.62,1789624131229.1,0,forward,0
23053,0,50,150,453471.12,453471.60,1789624131379.1,0,forward,0
23054,0,50,150,453621.12,453621.65,1789624131529.1,0,forward,0
23055,0,50,150,453771.12,453771.88,1789624131679.1,0,forward,0
23056,0,50,150,453921.12,453921.64,1789624131829.1,0,forward,0
23057,0,50,150,454071.12,454071.60,1789624131979.1,0,forward,0
23058,0,50,150,454221.12,454221.68,1789624132129.1,0,forward,0
23059,0,50,150,454371.12,454371.82,1789624132279.1,0,forward,0
23060,0,50,150,454521.12,454521.56,1789624132429.1,0,forward,0
23061,0,50,150,454671.12,454671.49,1789624132579.1,0,forward,0
23062,0,50,150,454821.12,454821.66,1789624132729.1,0,forward,0
23063,0,50,150,454971.12,454971.65,1789624132879.1,0,forward,0
23064,0,50,150,455121.12,455121.63,1789624133029.1,0,forward,0
23065,0,50,150,455271.12,455271.60,1789624133179.1,0,forward,0
23066,0,50,150,455421.12,455421.71,1789624133329.1,0,forward,0
23067,0,50,150,455571.12,455571.45,1789624133479.1,0,forward,0
23068,0,50,150,455721.12,455721.64,1789624133629.1,0,forward,0
23069,0,50,150,455871.12,455871.72,1789624133779.1,0,forward,0
23070,0,50,150,456021.12,456021.56,1789624133929.1,0,forward,0
23071,0,50,150,456171.14,456171.78,1789624134079.1,0,forward,0
23072,0,50,150,456321.12,456321.58,1789624134229.1,0,forward,0
23073,0,50,150,456471.12,456471.72,1789624134379.1,0,forward,0
23074,0,50,150,456621.12,456621.59,1789624134529.1,0,forward,0
23075,0,50,150,456771.12,456771.57,1789624134679.1,0,forward,0
23076,0,50,150,456921.12,456921.69,1789624134829.1,0,forward,0
23077,0,50,150,457071.12,457071.55,1789624134979.1,0,forward,0
23078,0,50,150,457221.12,457221.58,1789624135129.1,0,forward,0
23079,0,50,150,457371.12,457371.42,1789624135279.1,0,forward,0
23080,0,50,150,457521.12,457521.60,1789624135429.1,0,forward,0
23081,0,50,150,457671.12,457671.58,1789624135579.1,0,forward,0
23082,0,50,150,457821.12,457821.66,1789624135729.1,0,forward,0
23083,0,50,150,457971.12,457971.53,1789624135879.1,0,forward,0
23084,0,50,150,458121.12,458121.64,1789624136029.1,0,forward,0
23085,0,50,150,458271.12,458271.63,1789624136179.1,0,forward,0
23086,0,50,150,458421.12,458421.64,1789624136329.1,0,forward,0
23087,0,50,150,458571.12,458571.63,1789624136479.1,0,forward,0
23088,0,50,150,458722.15,458722.57,1789624136630.1,0,forward,0
23089,0,50,150,458871.12,458871.63,1789624136779.1,0,forward,0
23090,0,50,150,459021.12,459021.58,1789624136929.1,0,forward,0
23091,0,50,150,459171.12,459171.66,1789624137079.1,0,forward,0
23092,0,50,150,459321.12,459321.59,1789624137229.1,0,forward,0
23093,0,50,150,459471.12,459471.60,1789624137379.1,0,forward,0
23094,0,50,150,459621.12,459621.66,1789624137529.1,0,forward,0
23095,0,50,150,459771.12,459771.62,1789624137679.1,0,forward,0
23096,0,50,150,459921.12,459921.56,1789624137829.1,0,forward,0
23097,0,50,150,460071.23,460071.85,1789624137979.2,0,forward,0
23098,0,50,150,460221.12,460221.58,1789624138129.1,0,forward,0
23099,0,50,150,460371.12,460371.55,1789624138279.1,0,forward,0
23100,0,50,150,460371.59,460371.99,1789624138279.6,0,forward,0
23101,0,50,150,460521.59,460522.00,1789624138429.6,0,forward,0
23102,0,50,150,460671.59,460672.30,1789624138579.6,0,forward,0
23103,0,50,150,460821.59,460822.10,1789624138729.6,0,forward,0
23104,0,50,150,460971.59,460972.06,1789624138879.6,0,forward,0
23105,0,50,150,461121.67,461122.10,1789624139029.7,0,forward,0
23106,0,50,150,461271.59,461272.12,1789624139179.6,0,forward,0
23107,0,50,150,461421.60,461422.40,1789624139329.6,0,forward,0
23108,0,50,150,461571.59,461572.13,1789624139479.6,0,forward,0
23109,0,50,150,461721.59,461722.15,1789624139629.6,0,forward,0
23110,0,50,150,461871.59,461872.16,1789624139779.6,0,forward,0
23111,0,50,150,462021.59,462022.04,1789624139929.6,0,forward,0
23112,0,50,150,462171.59,462172.33,1789624140079.6,0,forward,0
23113,0,50,150,462321.59,462322.18,1789624140229.6,0,forward,0
23114,0,50,150,462471.59,462472.33,1789624140379.6,0,forward,0
23115,0,50,150,462621.59,462622.09,1789624140529.6,0,forward,0
23116,0,50,150,462771.59,462772.10,1789624140679.6,0,forward,0
23117,0,50,150,462921.59,462922.16,1789624140829.6,0,forward,0
23118,0,50,150,463071.59,463072.04,1789624140979.6,0,forward,0
23119,0,50,150,463221.59,463221.96,1789624141129.6,0,forward,0
23120,0,50,150,463371.59,463372.16,1789624141279.6,0,forward,0
23121,0,50,150,463521.59,463522.13,1789624141429.6,0,forward,0
23122,0,50,150,463671.59,463672.06,1789624141579.6,0,forward,0
23123,0,50,150,463821.59,463821.91,1789624141729.6,0,forward,0
23124,0,50,150,463971.59,463972.15,1789624141879.6,0,forward,0
23125,0,50,150,464121.59,464122.15,1789624142029.6,0,forward,0
23126,0,50,150,464271.59,464272.09,1789624142179.6,0,forward,0
23127,0,50,150,464421.59,464422.65,1789624142329.6,0,forward,0
23128,0,50,150,464571.59,464572.19,1789624142479.6,0,forward,0
23129,0,50,150,464721.59,464722.25,1789624142629.6,0,forward,0
23130,0,50,150,464871.59,464872.15,1789624142779.6,0,forward,0
23131,0,50,150,465021.59,465022.60,1789624142929.6,0,forward,0
23132,0,50,150,465171.67,465172.18,1789624143079.7,0,forward,0
23133,0,50,150,465321.59,465322.11,1789624143229.6,0,forward,0
23134,0,50,150,465471.59,465472.19,1789624143379.6,0,forward,0
23135,0,50,150,465621.59,465622.27,1789624143529.6,0,forward,0
23136,0,50,150,465771.59,465772.18,1789624143679.6,0,forward,0
23137,0,50,150,465921.59,465922.06,1789624143829.6,0,forward,0
23138,0,50,150,466071.74,466072.06,1789624143979.7,0,forward,0
23139,0,50,150,466221.59,466221.93,1789624144129.6,0,forward,0
23140,0,50,150,466371.59,466372.05,1789624144279.6,0,forward,0
23141,0,50,150,466521.59,466522.06,1789624144429.6,0,forward,0
23142,0,50,150,466671.59,466672.10,1789624144579.6,0,forward,0
23143,0,50,150,466821.59,466822.09,1789624144729.6,0,forward,0
23144,0,50,150,466971.59,466972.13,1789624144879.6,0,forward,0
23145,0,50,150,467121.59,467122.25,1789624145029.6,0,forward,0
23146,0,50,150,467271.59,467272.09,1789624145179.6,0,forward,0
23147,0,50,150,467421.59,467422.21,1789624145329.6,0,forward,0
23148,0,50,150,467571.59,467572.02,1789624145479.6,0,forward,0
23149,0,50,150,467721.59,467722.15,1789624145629.6,0,forward,0
23150,0,50,150,467871.59,467872.20,1789624145779.6,0,forward,0
23151,0,50,150,468021.59,468022.09,1789624145929.6,0,forward,0
23152,0,50,150,468171.59,468172.08,1789624146079.6,0,forward,0
23153,0,50,150,468321.59,468322.07,1789624146229.6,0,forward,0
23154,0,50,150,468471.59,468472.19,1789624146379.6,0,forward,0
23155,0,50,150,468621.59,468622.10,1789624146529.6,0,forward,0
23156,0,50,150,468771.59,468772.10,1789624146679.6,0,forward,0
23157,0,50,150,468921.59,468922.04,1789624146829.6,0,forward,0
23158,0,50,150,469071.59,469072.08,1789624146979.6,0,forward,0
23159,0,50,150,469221.60,469222.19,1789624147129.6,0,forward,0
23160,0,50,150,469371.59,469372.51,1789624147279.6,0,forward,0
23161,0,50,150,469521.59,469522.09,1789624147429.6,0,forward,0
23162,0,50,150,469671.59,469672.17,1789624147579.6,0,forward,0
23163,0,50,150,469821.59,469822.21,1789624147729.6,0,forward,0
23164,0,50,150,469971.59,469972.15,1789624147879.6,0,forward,0
23165,0,50,150,470121.59,470122.22,1789624148029.6,0,forward,0
23166,0,50,150,470271.59,470272.01,1789624148179.6,0,forward,0
23167,0,50,150,470421.59,470422.25,1789624148329.6,0,forward,0
23168,0,50,150,470571.59,470572.00,1789624148479.6,0,forward,0
23169,0,50,150,470721.59,470722.12,1789624148629.6,0,forward,0
23170,0,50,150,470871.59,470872.14,1789624148779.6,0,forward,0
23171,0,50,150,471021.59,471022.20,1789624148929.6,0,forward,0
23172,0,50,150,471171.59,471172.05,1789624149079.6,0,forward,0
23173,0,50,150,471321.59,471322.25,1789624149229.6,0,forward,0
23174,0,50,150,471471.59,471472.31,1789624149379.6,0,forward,0
23175,0,50,150,471621.59,471622.14,1789624149529.6,0,forward,0
23176,0,50,150,471771.59,471772.09,1789624149679.6,0,forward,0
23177,0,50,150,471921.59,471922.28,1789624149829.6,0,forward,0
23178,0,50,150,472071.59,472072.17,1789624149979.6,0,forward,0
23179,0,50,150,472221.59,472222.01,1789624150129.6,0,forward,0
23180,0,50,150,472371.59,472372.16,1789624150279.6,0,forward,0
23181,0,50,150,472521.59,472522.12,1789624150429.6,0,forward,0
23182,0,50,150,472671.59,472672.31,1789624150579.6,0,forward,0
23183,0,50,150,472821.59,472822.40,1789624150729.6,0,forward,0
23184,0,50,150,472971.59,472972.15,1789624150879.6,0,forward,0
23185,0,50,150,473121.59,473122.18,1789624151029.6,0,forward,0
23186,0,50,150,473271.59,473272.12,1789624151179.6,0,forward,0
23187,0,50,150,473421.59,473422.39,1789624151329.6,0,forward,0
23188,0,50,150,473571.59,473572.08,1789624151479.6,0,forward,0
23189,0,50,150,473721.59,473722.15,1789624151629.6,0,forward,0
23190,0,50,150,473871.59,473872.27,1789624151779.6,0,forward,0
23191,0,50,150,474021.59,474022.22,1789624151929.6,0,forward,0
23192,0,50,150,474171.59,474172.06,1789624152079.6,0,forward,0
23193,0,50,150,474321.59,474322.10,1789624152229.6,0,forward,0
23194,0,50,150,474471.59,474472.27,1789624152379.6,0,forward,0
23195,0,50,150,474621.59,474622.18,1789624152529.6,0,forward,0
23196,0,50,150,474771.59,474772.32,1789624152679.6,0,forward,0
23197,0,50,150,474921.59,474922.14,1789624152829.6,0,forward,0
23198,0,50,150,475071.59,475072.16,1789624152979.6,0,forward,0
23199,0,50,150,475221.59,475222.21,1789624153129.6,0,forward,0
23200,0,50,150,475222.24,475222.62,1789624153130.2,0,forward,0
23201,0,50,150,475372.25,475372.88,1789624153280.2,0,forward,0
23202,0,50,150,475522.25,475522.70,1789624153430.2,0,forward,0
23203,0,50,150,475672.25,475672.76,1789624153580.2,0,forward,0
23204,0,50,150,475822.25,475822.78,1789624153730.2,0,forward,0
23205,0,50,150,475972.26,475972.81,1789624153880.3,0,forward,0
23206,0,50,150,476122.25,476122.82,1789624154030.2,0,forward,0
23207,0,50,150,476272.25,476272.80,1789624154180.2,0,forward,0
23208,0,50,150,476422.25,476422.89,1789624154330.2,0,forward,0
23209,0,50,150,476572.25,476572.76,1789624154480.2,0,forward,0
23210,0,50,150,476722.25,476722.68,1789624154630.2,0,forward,0
23211,0,50,150,476872.25,476872.74,1789624154780.2,0,forward,0
23212,0,50,150,477022.25,477022.89,1789624154930.2,0,forward,0
23213,0,50,150,477172.24,477172.88,1789624155080.2,0,forward,0
23214,0,50,150,477322.25,477322.68,1789624155230.2,0,forward,0
23215,0,50,150,477472.25,477472.91,1789624155380.2,0,forward,0
23216,0,50,150,477622.25,477622.83,1789624155530.2,0,forward,0
23217,0,50,150,477772.25,477772.82,1789624155680.2,0,forward,0
23218,0,50,150,477922.25,477922.86,1789624155830.2,0,forward,0
23219,0,50,150,478072.25,478072.78,1789624155980.2,0,forward,0
23220,0,50,150,478222.25,478222.85,1789624156130.2,0,forward,0
23221,0,50,150,478372.25,478373.05,1789624156280.2,0,forward,0
23222,0,50,150,478522.25,478522.88,1789624156430.2,0,forward,0
23223,0,50,150,478672.25,478672.78,1789624156580.2,0,forward,0
23224,0,50,150,478822.25,478822.82,1789624156730.2,0,forward,0
23225,0,50,150,478972.25,478972.91,1789624156880.2,0,forward,0
23226,0,50,150,479122.25,479122.76,1789624157030.2,0,forward,0
23227,0,50,150,479272.25,479272.84,1789624157180.2,0,forward,0
23228,0,50,150,479422.25,479422.84,1789624157330.2,0,forward,0
23229,0,50,150,479572.25,479573.01,1789624157480.2,0,forward,0
23230,0,50,150,479722.25,479722.84,1789624157630.2,0,forward,0
23231,0,50,150,479872.25,479872.79,1789624157780.2,0,forward,0
23232,0,50,150,480022.25,480022.89,1789624157930.2,0,forward,0
23233,0,50,150,480172.25,480172.72,1789624158080.2,0,forward,0
23234,0,50,150,480322.25,480322.75,1789624158230.2,0,forward,0
23235,0,50,150,480472.25,480472.82,1789624158380.2,0,forward,0
23236,0,50,150,480622.25,480622.76,1789624158530.2,0,forward,0
23237,0,50,150,480772.25,480772.74,1789624158680.2,0,forward,0
23238,0,50,150,480922.25,480922.80,1789624158830.2,0,forward,0
23239,0,50,150,481072.25,481072.88,1789624158980.2,0,forward,0
23240,0,50,150,481222.25,481222.82,1789624159130.2,0,forward,0
23241,0,50,150,481372.25,481372.74,1789624159280.2,0,forward,0
23242,0,50,150,481522.25,481522.84,1789624159430.2,0,forward,0
23243,0,50,150,481672.25,481672.70,1789624159580.2,0,forward,0
23244,0,50,150,481822.25,481822.79,1789624159730.2,0,forward,0
23245,0,50,150,481972.25,481972.95,1789624159880.2,0,forward,0
23246,0,50,150,482122.25,482122.75,1789624160030.2,0,forward,0
23247,0,50,150,482272.25,482272.88,1789624160180.2,0,forward,0
23248,0,50,150,482422.25,482422.78,1789624160330.2,0,forward,0
23249,0,50,150,482572.25,482572.77,1789624160480.2,0,forward,0
23250,0,50,150,482722.25,482723.03,1789624160630.2,0,forward,0
23251,0,50,150,482872.25,482872.80,1789624160780.2,0,forward,0
23252,0,50,150,483022.25,483022.76,1789624160930.2,0,forward,0
23253,0,50,150,483172.25,483172.83,1789624161080.2,0,forward,0
23254,0,50,150,483322.25,483322.83,1789624161230.2,0,forward,0
23255,0,50,150,483472.25,483472.82,1789624161380.2,0,forward,0
23256,0,50,150,483622.25,483622.77,1789624161530.2,0,forward,0
23257,0,50,150,483772.25,483772.80,1789624161680.2,0,forward,0
23258,0,50,150,483922.25,483922.73,1789624161830.2,0,forward,0
23259,0,50,150,484072.25,484072.72,1789624161980.2,0,forward,0
23260,0,50,150,484222.25,484222.69,1789624162130.2,0,forward,0
23261,0,50,150,484372.25,484372.72,1789624162280.2,0,forward,0
23262,0,50,150,484522.25,484522.80,1789624162430.2,0,forward,0
23263,0,50,150,484673.13,484673.56,1789624162581.1,0,forward,0
23264,0,50,150,484822.25,484822.86,1789624162730.2,0,forward,0
23265,0,50,150,484972.25,484972.75,1789624162880.2,0,forward,0
23266,0,50,150,485122.25,485122.80,1789624163030.2,0,forward,0
23267,0,50,150,485272.25,485272.73,1789624163180.2,0,forward,0
23268,0,50,150,485422.25,485422.82,1789624163330.2,0,forward,0
23269,0,50,150,485572.25,485572.74,1789624163480.2,0,forward,0
23270,0,50,150,485722.25,485722.81,1789624163630.2,0,forward,0
23271,0,50,150,485872.25,485872.73,1789624163780.2,0,forward,0
23272,0,50,150,486022.25,486022.72,1789624163930.2,0,forward,0
23273,0,50,150,486172.25,486172.75,1789624164080.2,0,forward,0
23274,0,50,150,486322.25,486322.79,1789624164230.2,0,forward,0
23275,0,50,150,486472.25,486472.85,1789624164380.2,0,forward,0
23276,0,50,150,486622.25,486622.84,1789624164530.2,0,forward,0
23277,0,50,150,486772.25,486772.83,1789624164680.2,0,forward,0
23278,0,50,150,486922.25,486922.78,1789624164830.2,0,forward,0
23279,0,50,150,487072.25,487072.80,1789624164980.2,0,forward,0
23280,0,50,150,487222.25,487222.75,1789624165130.2,0,forward,0
23281,0,50,150,487372.25,487372.83,1789624165280.2,0,forward,0
23282,0,50,150,487522.25,487522.75,1789624165430.2,0,forward,0
23283,0,50,150,487672.25,487672.63,1789624165580.2,0,forward,0
23284,0,50,150,487822.25,487822.76,1789624165730.2,0,forward,0
23285,0,50,150,487972.25,487972.76,1789624165880.2,0,forward,0
23286,0,50,150,488122.25,488122.78,1789624166030.3,0,forward,0
23287,0,50,150,488272.25,488272.73,1789624166180.2,0,forward,0
23288,0,50,150,488422.25,488422.73,1789624166330.2,0,forward,0
23289,0,50,150,488572.25,488572.81,1789624166480.2,0,forward,0
23290,0,50,150,488722.25,488722.80,1789624166630.2,0,forward,0
23291,0,50,150,488872.25,488872.71,1789624166780.2,0,forward,0
23292,0,50,150,489022.25,489022.77,1789624166930.2,0,forward,0
23293,0,50,150,489172.25,489172.76,1789624167080.2,0,forward,0
23294,0,50,150,489322.25,489322.91,1789624167230.2,0,forward,0
23295,0,50,150,489472.25,489472.81,1789624167380.2,0,forward,0
23296,0,50,150,489622.25,489622.79,1789624167530.2,0,forward,0
23297,0,50,150,489772.25,489772.72,1789624167680.2,0,forward,0
23298,0,50,150,489922.25,489922.72,1789624167830.2,0,forward,0
23299,0,50,150,490072.25,490072.82,1789624167980.2,0,forward,0
23300,0,50,150,490072.86,490073.37,1789624167980.9,0,forward,0
23301,0,50,150,490222.86,490223.45,1789624168130.9,0,forward,0
23302,0,50,150,490372.86,490373.35,1789624168280.9,0,forward,0
23303,0,50,150,490522.86,490523.57,1789624168430.9,0,forward,0
23304,0,50,150,490672.86,490673.57,1789624168580.9,0,forward,0
23305,0,50,150,490822.86,490823.52,1789624168730.9,0,forward,0
23306,0,50,150,490972.86,490973.47,1789624168880.9,0,forward,0
23307,0,50,150,491122.86,491123.48,1789624169030.9,0,forward,0
23308,0,50,150,491272.86,491273.45,1789624169180.9,0,forward,0
23309,0,50,150,491422.86,491423.62,1789624169330.9,0,forward,0
23310,0,50,150,491572.86,491573.60,1789624169480.9,0,forward,0
23311,0,50,150,491722.86,491723.47,1789624169630.9,0,forward,0
23312,0,50,150,491872.86,491873.52,1789624169780.9,0,forward,0
23313,0,50,150,492022.86,492023.38,1789624169930.9,0,forward,0
23314,0,50,150,492172.86,492173.44,1789624170080.9,0,forward,0
23315,0,50,150,492322.86,492323.54,1789624170230.9,0,forward,0
23316,0,50,150,492472.86,492473.52,1789624170380.9,0,forward,0
23317,0,50,150,492622.86,492623.42,1789624170530.9,0,forward,0
23318,0,50,150,492772.86,492773.41,1789624170680.9,0,forward,0
23319,0,50,150,492922.86,492923.41,1789624170830.9,0,forward,0
23320,0,50,150,493072.86,493073.48,1789624170980.9,0,forward,0
23321,0,50,150,493222.86,493223.49,1789624171130.9,0,forward,0
23322,0,50,150,493372.86,493373.52,1789624171280.9,0,forward,0
23323,0,50,150,493522.86,493523.32,1789624171430.9,0,forward,0
23324,0,50,150,493672.86,493673.42,1789624171580.9,0,forward,0
23325,0,50,150,493822.86,493823.37,1789624171730.9,0,forward,0
23326,0,50,150,493972.86,493973.40,1789624171880.9,0,forward,0
23327,0,50,150,494122.86,494123.47,1789624172030.9,0,forward,0
23328,0,50,150,494272.86,494273.37,1789624172180.9,0,forward,0
23329,0,50,150,494422.86,494423.36,1789624172330.9,0,forward,0
23330,0,50,150,494572.86,494573.40,1789624172480.9,0,forward,0
23331,0,50,150,494722.86,494723.49,1789624172630.9,0,forward,0
23332,0,50,150,494872.86,494873.37,1789624172780.9,0,forward,0
23333,0,50,150,495022.86,495023.35,1789624172930.9,0,forward,0
23334,0,50,150,495172.86,495173.32,1789624173080.9,0,forward,0
23335,0,50,150,495322.86,495323.44,1789624173230.9,0,forward,0
23336,0,50,150,495472.86,495473.62,1789624173380.9,0,forward,0
23337,0,50,150,495622.86,495623.36,1789624173530.9,0,forward,0
23338,0,50,150,495772.86,495773.38,1789624173680.9,0,forward,0
23339,0,50,150,495922.89,495923.34,1789624173830.9,0,forward,0
23340,0,50,150,496072.86,496073.58,1789624173980.9,0,forward,0
23341,0,50,150,496222.86,496223.38,1789624174130.9,0,forward,0
23342,0,50,150,496372.86,496373.32,1789624174280.9,0,forward,0
23343,0,50,150,496522.86,496523.38,1789624174430.9,0,forward,0
23344,0,50,150,496672.86,496673.29,1789624174580.9,0,forward,0
23345,0,50,150,496822.86,496823.35,1789624174730.9,0,forward,0
23346,0,50,150,496972.86,496973.37,1789624174880.9,0,forward,0
23347,0,50,150,497122.86,497123.36,1789624175030.9,0,forward,0
23348,0,50,150,497272.86,497273.34,1789624175180.9,0,forward,0
23349,0,50,150,497422.86,497423.62,1789624175330.9,0,forward,0
23350,0,50,150,497572.86,497573.53,1789624175480.9,0,forward,0
23351,0,50,150,497722.86,497723.39,1789624175630.9,0,forward,0
23352,0,50,150,497872.86,497873.37,1789624175780.9,0,forward,0
23353,0,50,150,498022.86,498023.65,1789624175930.9,0,forward,0
23354,0,50,150,498172.86,498173.29,1789624176080.9,0,forward,0
23355,0,50,150,498322.86,498323.31,1789624176230.9,0,forward,0
23356,0,50,150,498472.86,498473.25,1789624176380.9,0,forward,0
23357,0,50,150,498622.86,498623.52,1789624176530.9,0,forward,0
23358,0,50,150,498772.86,498773.33,1789624176680.9,0,forward,0
23359,0,50,150,498922.86,498923.24,1789624176830.9,0,forward,0
23360,0,50,150,499073.05,499073.51,1789624176981.0,0,forward,0
23361,0,50,150,499222.86,499223.36,1789624177130.9,0,forward,0
23362,0,50,150,499372.86,499373.43,1789624177280.9,0,forward,0
23363,0,50,150,499522.86,499523.59,1789624177430.9,0,forward,0
23364,0,50,150,499672.86,499673.34,1789624177580.9,0,forward,0
23365,0,50,150,499822.86,499823.37,1789624177730.9,0,forward,0
23366,0,50,150,499972.86,499973.39,1789624177880.9,0,forward,0
23367,0,50,150,500122.86,500123.38,1789624178030.9,0,forward,0
23368,0,50,150,500272.86,500273.37,1789624178180.9,0,forward,0
23369,0,50,150,500422.86,500423.36,1789624178330.9,0,forward,0
23370,0,50,150,500572.86,500573.35,1789624178480.9,0,forward,0
23371,0,50,150,500722.86,500723.41,1789624178630.9,0,forward,0
23372,0,50,150,500872.86,500873.35,1789624178780.9,0,forward,0
23373,0,50,150,501022.86,501023.27,1789624178930.9,0,forward,0
23374,0,50,150,501172.86,501173.36,1789624179080.9,0,forward,0
23375,0,50,150,501322.86,501323.44,1789624179230.9,0,forward,0
23376,0,50,150,501472.86,501473.39,1789624179380.9,0,forward,0
23377,0,50,150,501622.86,501623.32,1789624179530.9,0,forward,0
23378,0,50,150,501772.86,501773.54,1789624179680.9,0,forward,0
23379,0,50,150,501922.86,501923.27,1789624179830.9,0,forward,0
23380,0,50,150,502072.86,502073.28,1789624179980.9,0,forward,0
23381,0,50,150,502222.86,502223.35,1789624180130.9,0,forward,0
23382,0,50,150,502372.92,502373.42,1789624180280.9,0,forward,0
23383,0,50,150,502522.86,502523.36,1789624180430.9,0,forward,0
23384,0,50,150,502672.86,502673.24,1789624180580.9,0,forward,0
23385,0,50,150,502822.86,502823.29,1789624180730.9,0,forward,0
23386,0,50,150,502972.86,502973.42,1789624180880.9,0,forward,0
23387,0,50,150,503122.86,503123.40,1789624181030.9,0,forward,0
23388,0,50,150,503272.86,503273.22,1789624181180.9,0,forward,0
23389,0,50,150,503422.86,503423.49,1789624181330.9,0,forward,0
23390,0,50,150,503572.86,503573.34,1789624181480.9,0,forward,0
23391,0,50,150,503722.86,503723.38,1789624181630.9,0,forward,0
23392,0,50,150,503873.20,503873.71,1789624181781.2,0,forward,0
23393,0,50,150,504022.86,504023.48,1789624181930.9,0,forward,0
23394,0,50,150,504173.17,504173.67,1789624182081.2,0,forward,0
23395,0,50,150,504322.86,504323.37,1789624182230.9,0,forward,0
23396,0,50,150,504472.86,504473.31,1789624182380.9,0,forward,0
23397,0,50,150,504622.86,504623.37,1789624182530.9,0,forward,0
23398,0,50,150,504772.86,504773.29,1789624182680.9,0,forward,0
23399,0,50,150,504922.86,504923.46,1789624182830.9,0,forward,0
23400,0,50,150,504923.50,504923.99,1789624182831.5,0,forward,0
23401,0,50,150,505073.50,505073.99,1789624182981.5,0,forward,0
23402,0,50,150,505223.50,505224.50,1789624183131.5,0,forward,0
23403,0,50,150,505373.50,505374.09,1789624183281.5,0,forward,0
23404,0,50,150,505523.50,505524.06,1789624183431.5,0,forward,0
23405,0,50,150,505673.50,505673.94,1789624183581.5,0,forward,0
23406,0,50,150,505823.50,505823.95,1789624183731.5,0,forward,0
23407,0,50,150,505973.50,505974.00,1789624183881.5,0,forward,0
23408,0,50,150,506123.50,506123.90,1789624184031.5,0,forward,0
23409,0,50,150,506273.50,506274.06,1789624184181.5,0,forward,0
23410,0,50,150,506423.50,506424.05,1789624184331.5,0,forward,0
23411,0,50,150,506573.50,506574.02,1789624184481.5,0,forward,0
23412,0,50,150,506723.50,506723.91,1789624184631.5,0,forward,0
23413,0,50,150,506873.50,506873.85,1789624184781.5,0,forward,0
23414,0,50,150,507023.50,507023.97,1789624184931.5,0,forward,0
23415,0,50,150,507173.50,507174.03,1789624185081.5,0,forward,0
23416,0,50,150,507323.60,507324.07,1789624185231.6,0,forward,0
23417,0,50,150,507473.50,507474.05,1789624185381.5,0,forward,0
23418,0,50,150,507623.50,507623.98,1789624185531.5,0,forward,0
23419,0,50,150,507773.50,507773.96,1789624185681.5,0,forward,0
23420,0,50,150,507923.50,507923.97,1789624185831.5,0,forward,0
23421,0,50,150,508073.50,508073.96,1789624185981.5,0,forward,0
23422,0,50,150,508223.50,508223.99,1789624186131.5,0,forward,0
23423,0,50,150,508373.50,508374.02,1789624186281.5,0,forward,0
23424,0,50,150,508523.50,508523.93,1789624186431.5,0,forward,0
23425,0,50,150,508673.50,508674.03,1789624186581.5,0,forward,0
23426,0,50,150,508823.50,508824.02,1789624186731.5,0,forward,0
23427,0,50,150,508973.50,508973.96,1789624186881.5,0,forward,0
23428,0,50,150,509123.50,509123.99,1789624187031.5,0,forward,0
23429,0,50,150,509273.50,509273.99,1789624187181.5,0,forward,0
23430,0,50,150,509423.50,509423.99,1789624187331.5,0,forward,0
23431,0,50,150,509573.50,509573.95,1789624187481.5,0,forward,0
23432,0,50,150,509723.50,509723.98,1789624187631.5,0,forward,0
23433,0,50,150,509873.50,509873.97,1789624187781.5,0,forward,0
23434,0,50,150,510023.50,510024.09,1789624187931.5,0,forward,0
23435,0,50,150,510173.49,510174.22,1789624188081.5,0,forward,0
23436,0,50,150,510323.50,510324.14,1789624188231.5,0,forward,0
23437,0,50,150,510473.50,510474.05,1789624188381.5,0,forward,0
23438,0,50,150,510623.50,510623.99,1789624188531.5,0,forward,0
23439,0,50,150,510773.49,510774.07,1789624188681.5,0,forward,0
23440,0,50,150,510923.50,510924.07,1789624188831.5,0,forward,0
23441,0,50,150,511073.50,511074.03,1789624188981.5,0,forward,0
23442,0,50,150,511223.50,511224.03,1789624189131.5,0,forward,0
23443,0,50,150,511373.50,511374.02,1789624189281.5,0,forward,0
23444,0,50,150,511523.50,511523.99,1789624189431.5,0,forward,0
23445,0,50,150,511673.50,511673.98,1789624189581.5,0,forward,0
23446,0,50,150,511823.50,511824.01,1789624189731.5,0,forward,0
23447,0,50,150,511973.50,511973.87,1789624189881.5,0,forward,0
23448,0,50,150,512123.50,512124.01,1789624190031.5,0,forward,0
23449,0,50,150,512273.50,512273.97,1789624190181.5,0,forward,0
23450,0,50,150,512423.50,512424.02,1789624190331.5,0,forward,0
23451,0,50,150,512573.50,512574.07,1789624190481.5,0,forward,0
23452,0,50,150,512723.72,512724.24,1789624190631.7,0,forward,0
23453,0,50,150,512873.50,512873.95,1789624190781.5,0,forward,0
23454,0,50,150,513023.50,513024.08,1789624190931.5,0,forward,0
23455,0,50,150,513173.50,513174.00,1789624191081.5,0,forward,0
23456,0,50,150,513323.50,513324.04,1789624191231.5,0,forward,0
23457,0,50,150,513473.50,513474.00,1789624191381.5,0,forward,0
23458,0,50,150,513623.50,513624.03,1789624191531.5,0,forward,0
23459,0,50,150,513773.50,513774.02,1789624191681.5,0,forward,0
23460,0,50,150,513923.50,513924.03,1789624191831.5,0,forward,0
23461,0,50,150,514073.50,514074.02,1789624191981.5,0,forward,0
23462,0,50,150,514223.50,514224.02,1789624192131.5,0,forward,0
23463,0,50,150,514373.50,514374.02,1789624192281.5,0,forward,0
23464,0,50,150,514523.50,514524.05,1789624192431.5,0,forward,0
23465,0,50,150,514673.50,514674.01,1789624192581.5,0,forward,0
23466,0,50,150,514823.50,514824.03,1789624192731.5,0,forward,0
23467,0,50,150,514973.50,514974.05,1789624192881.5,0,forward,0
23468,0,50,150,515123.50,515124.03,1789624193031.5,0,forward,0
23469,0,50,150,515273.50,515273.99,1789624193181.5,0,forward,0
23470,0,50,150,515423.50,515424.05,1789624193331.5,0,forward,0
23471,0,50,150,515573.50,515574.06,1789624193481.5,0,forward,0
23472,0,50,150,515723.50,515723.98,1789624193631.5,0,forward,0
23473,0,50,150,515873.50,515873.91,1789624193781.5,0,forward,0
23474,0,50,150,516023.50,516024.13,1789624193931.5,0,forward,0
23475,0,50,150,516173.50,516174.09,1789624194081.5,0,forward,0
23476,0,50,150,516323.50,516324.05,1789624194231.5,0,forward,0
23477,0,50,150,516473.50,516474.09,1789624194381.5,0,forward,0
23478,0,50,150,516623.50,516624.03,1789624194531.5,0,forward,0
23479,0,50,150,516773.50,516773.95,1789624194681.5,0,forward,0
23480,0,50,150,516923.50,516923.89,1789624194831.5,0,forward,0
23481,0,50,150,517073.50,517073.97,1789624194981.5,0,forward,0
23482,0,50,150,517223.50,517224.01,1789624195131.5,0,forward,0
23483,0,50,150,517373.50,517374.01,1789624195281.5,0,forward,0
23484,0,50,150,517523.50,517524.00,1789624195431.5,0,forward,0
23485,0,50,150,517673.50,517673.90,1789624195581.5,0,forward,0
23486,0,50,150,517823.50,517824.01,1789624195731.5,0,forward,0
23487,0,50,150,517973.50,517974.03,1789624195881.5,0,forward,0
23488,0,50,150,518123.50,518123.95,1789624196031.5,0,forward,0
23489,0,50,150,518273.50,518273.93,1789624196181.5,0,forward,0
23490,0,50,150,518423.50,518424.06,1789624196331.5,0,forward,0
23491,0,50,150,518573.50,518573.96,1789624196481.5,0,forward,0
23492,0,50,150,518723.50,518724.03,1789624196631.5,0,forward,0
23493,0,50,150,518873.50,518874.03,1789624196781.5,0,forward,0
23494,0,50,150,519023.50,519023.99,1789624196931.5,0,forward,0
23495,0,50,150,519173.50,519173.94,1789624197081.5,0,forward,0
23496,0,50,150,519323.50,519324.04,1789624197231.5,0,forward,0
23497,0,50,150,519473.50,519474.01,1789624197381.5,0,forward,0
23498,0,50,150,519623.50,519624.02,1789624197531.5,0,forward,0
23499,0,50,150,519773.50,519774.02,1789624197681.5,0,forward,0
23500,0,50,150,519774.06,519774.52,1789624197682.1,0,forward,0
23501,0,50,150,519924.06,519924.54,1789624197832.1,0,forward,0
23502,0,50,150,520074.06,520074.56,1789624197982.1,0,forward,0
23503,0,50,150,520224.06,520224.56,1789624198132.1,0,forward,0
23504,0,50,150,520374.06,520374.59,1789624198282.1,0,forward,0
23505,0,50,150,520524.19,520525.01,1789624198432.2,0,forward,0
23506,0,50,150,520674.06,520674.59,1789624198582.1,0,forward,0
23507,0,50,150,520824.06,520824.61,1789624198732.1,0,forward,0
23508,0,50,150,520974.06,520974.55,1789624198882.1,0,forward,0
23509,0,50,150,521124.06,521124.49,1789624199032.1,0,forward,0
23510,0,50,150,521274.06,521274.74,1789624199182.1,0,forward,0
23511,0,50,150,521424.06,521424.54,1789624199332.1,0,forward,0
23512,0,50,150,521574.06,521574.82,1789624199482.1,0,forward,0
23513,0,50,150,521724.06,521724.57,1789624199632.1,0,forward,0
23514,0,50,150,521874.06,521874.66,1789624199782.1,0,forward,0
23515,0,50,150,522024.06,522024.58,1789624199932.1,0,forward,0
23516,0,50,150,522174.14,522174.66,1789624200082.1,0,forward,0
23517,0,50,150,522324.06,522324.61,1789624200232.1,0,forward,0
23518,0,50,150,522474.06,522474.65,1789624200382.1,0,forward,0
23519,0,50,150,522624.06,522624.70,1789624200532.1,0,forward,0
23520,0,50,150,522774.06,522774.56,1789624200682.1,0,forward,0
23521,0,50,150,522924.06,522924.62,1789624200832.1,0,forward,0
23522,0,50,150,523074.06,523074.66,1789624200982.1,0,forward,0
23523,0,50,150,523224.06,523224.61,1789624201132.1,0,forward,0
23524,0,50,150,523374.06,523374.52,1789624201282.1,0,forward,0
23525,0,50,150,523524.06,523524.50,1789624201432.1,0,forward,0
23526,0,50,150,523674.06,523674.63,1789624201582.1,0,forward,0
23527,0,50,150,523824.06,523824.56,1789624201732.1,0,forward,0
23528,0,50,150,523974.06,523974.57,1789624201882.1,0,forward,0
23529,0,50,150,524124.06,524124.61,1789624202032.1,0,forward,0
23530,0,50,150,524274.06,524274.57,1789624202182.1,0,forward,0
23531,0,50,150,524424.06,524424.58,1789624202332.1,0,forward,0
23532,0,50,150,524574.06,524574.55,1789624202482.1,0,forward,0
23533,0,50,150,524724.07,524724.63,1789624202632.1,0,forward,0
23534,0,50,150,524874.06,524874.64,1789624202782.1,0,forward,0
23535,0,50,150,525024.06,525024.62,1789624202932.1,0,forward,0
23536,0,50,150,525174.06,525174.61,1789624203082.1,0,forward,0
23537,0,50,150,525324.06,525324.62,1789624203232.1,0,forward,0
23538,0,50,150,525474.06,525474.58,1789624203382.1,0,forward,0
23539,0,50,150,525624.06,525624.62,1789624203532.1,0,forward,0
23540,0,50,150,525774.06,525774.61,1789624203682.1,0,forward,0
23541,0,50,150,525924.06,525924.62,1789624203832.1,0,forward,0
23542,0,50,150,526074.06,526074.59,1789624203982.1,0,forward,0
23543,0,50,150,526224.06,526224.58,1789624204132.1,0,forward,0
23544,0,50,150,526374.06,526374.60,1789624204282.1,0,forward,0
23545,0,50,150,526524.06,526524.57,1789624204432.1,0,forward,0
23546,0,50,150,526674.06,526674.58,1789624204582.1,0,forward,0
23547,0,50,150,526824.06,526824.91,1789624204732.1,0,forward,0
23548,0,50,150,526974.06,526974.64,1789624204882.1,0,forward,0
23549,0,50,150,527124.06,527124.59,1789624205032.1,0,forward,0
23550,0,50,150,527274.06,527274.52,1789624205182.1,0,forward,0
23551,0,50,150,527424.06,527424.59,1789624205332.1,0,forward,0
23552,0,50,150,527574.06,527574.52,1789624205482.1,0,forward,0
23553,0,50,150,527724.06,527724.64,1789624205632.1,0,forward,0
23554,0,50,150,527874.06,527874.64,1789624205782.1,0,forward,0
23555,0,50,150,528024.06,528024.62,1789624205932.1,0,forward,0
23556,0,50,150,528174.06,528174.63,1789624206082.1,0,forward,0
23557,0,50,150,528324.11,528324.68,1789624206232.1,0,forward,0
23558,0,50,150,528474.06,528474.66,1789624206382.1,0,forward,0
23559,0,50,150,528624.06,528624.70,1789624206532.1,0,forward,0
23560,0,50,150,528774.06,528774.72,1789624206682.1,0,forward,0
23561,0,50,150,528924.06,528924.65,1789624206832.1,0,forward,0
23562,0,50,150,529074.06,529074.68,1789624206982.1,0,forward,0
23563,0,50,150,529224.06,529224.66,1789624207132.1,0,forward,0
23564,0,50,150,529374.16,529374.76,1789624207282.2,0,forward,0
23565,0,50,150,529524.06,529524.79,1789624207432.1,0,forward,0
23566,0,50,150,529674.06,529674.59,1789624207582.1,0,forward,0
23567,0,50,150,529824.19,529824.86,1789624207732.2,0,forward,0
23568,0,50,150,529974.06,529974.72,1789624207882.1,0,forward,0
23569,0,50,150,530124.20,530124.92,1789624208032.2,0,forward,0
23570,0,50,150,530274.06,530274.61,1789624208182.1,0,forward,0
23571,0,50,150,530424.06,530424.62,1789624208332.1,0,forward,0
23572,0,50,150,530574.06,530574.63,1789624208482.1,0,forward,0
23573,0,50,150,530724.06,530724.66,1789624208632.1,0,forward,0
23574,0,50,150,530874.06,530874.66,1789624208782.1,0,forward,0
23575,0,50,150,531024.06,531024.71,1789624208932.1,0,forward,0
23576,0,50,150,531174.06,531174.64,1789624209082.1,0,forward,0
23577,0,50,150,531324.06,531324.68,1789624209232.1,0,forward,0
23578,0,50,150,531474.06,531474.66,1789624209382.1,0,forward,0
23579,0,50,150,531624.06,531624.65,1789624209532.1,0,forward,0
23580,0,50,150,531774.06,531774.60,1789624209682.1,0,forward,0
23581,0,50,150,531924.06,531924.79,1789624209832.1,0,forward,0
23582,0,50,150,532074.06,532074.66,1789624209982.1,0,forward,0
23583,0,50,150,532224.07,532224.61,1789624210132.1,0,forward,0
23584,0,50,150,532374.06,532374.55,1789624210282.1,0,forward,0
23585,0,50,150,532524.06,532524.60,1789624210432.1,0,forward,0
23586,0,50,150,532674.06,532674.77,1789624210582.1,0,forward,0
23587,0,50,150,532824.06,532824.59,1789624210732.1,0,forward,0
23588,0,50,150,532974.06,532974.57,1789624210882.1,0,forward,0
23589,0,50,150,533124.06,533124.46,1789624211032.1,0,forward,0
23590,0,50,150,533274.06,533274.56,1789624211182.1,0,forward,0
23591,0,50,150,533424.06,533424.67,1789624211332.1,0,forward,0
23592,0,50,150,533574.06,533574.60,1789624211482.1,0,forward,0
23593,0,50,150,533724.06,533724.62,1789624211632.1,0,forward,0
23594,0,50,150,533874.06,533874.55,1789624211782.1,0,forward,0
23595,0,50,150,534024.06,534024.56,1789624211932.1,0,forward,0
23596,0,50,150,534174.06,534174.52,1789624212082.1,0,forward,0
23597,0,50,150,534324.19,534324.70,1789624212232.2,0,forward,0
23598,0,50,150,534474.06,534474.60,1789624212382.1,0,forward,0
23599,0,50,150,534624.06,534624.52,1789624212532.1,0,forward,0
23600,0,50,150,534624.57,534625.08,1789624212532.6,0,forward,0
23601,0,50,150,534774.57,534775.27,1789624212682.6,0,forward,0
23602,0,50,150,534924.57,534925.20,1789624212832.6,0,forward,0
23603,0,50,150,535074.57,535075.31,1789624212982.6,0,forward,0
23604,0,50,150,535224.57,535225.12,1789624213132.6,0,forward,0
23605,0,50,150,535374.57,535375.14,1789624213282.6,0,forward,0
23606,0,50,150,535524.57,535525.18,1789624213432.6,0,forward,0
23607,0,50,150,535674.57,535675.20,1789624213582.6,0,forward,0
23608,0,50,150,535824.57,535825.26,1789624213732.6,0,forward,0
23609,0,50,150,535974.57,535975.52,1789624213882.6,0,forward,0
23610,0,50,150,536124.57,536125.25,1789624214032.6,0,forward,0
23611,0,50,150,536274.57,536275.24,1789624214182.6,0,forward,0
23612,0,50,150,536424.57,536425.15,1789624214332.6,0,forward,0
23613,0,50,150,536574.57,536575.06,1789624214482.6,0,forward,0
23614,0,50,150,536724.69,536725.30,1789624214632.7,0,forward,0
23615,0,50,150,536874.57,536875.13,1789624214782.6,0,forward,0
23616,0,50,150,537024.57,537025.25,1789624214932.6,0,forward,0
23617,0,50,150,537174.57,537175.05,1789624215082.6,0,forward,0
23618,0,50,150,537324.57,537325.12,1789624215232.6,0,forward,0
23619,0,50,150,537474.57,537475.06,1789624215382.6,0,forward,0
23620,0,50,150,537624.57,537625.07,1789624215532.6,0,forward,0
23621,0,50,150,537774.78,537775.26,1789624215682.8,0,forward,0
23622,0,50,150,537924.57,537925.15,1789624215832.6,0,forward,0
23623,0,50,150,538074.57,538075.15,1789624215982.6,0,forward,0
23624,0,50,150,538224.57,538225.11,1789624216132.6,0,forward,0
23625,0,50,150,538374.57,538375.20,1789624216282.6,0,forward,0
23626,0,50,150,538524.57,538525.00,1789624216432.6,0,forward,0
23627,0,50,150,538674.57,538675.24,1789624216582.6,0,forward,0
23628,0,50,150,538824.57,538825.13,1789624216732.6,0,forward,0
23629,0,50,150,538974.57,538975.04,1789624216882.6,0,forward,0
23630,0,50,150,539124.57,539125.10,1789624217032.6,0,forward,0
23631,0,50,150,539274.57,539275.09,1789624217182.6,0,forward,0
23632,0,50,150,539424.57,539425.14,1789624217332.6,0,forward,0
23633,0,50,150,539574.57,539575.08,1789624217482.6,0,forward,0
23634,0,50,150,539724.57,539725.26,1789624217632.6,0,forward,0
23635,0,50,150,539874.57,539875.03,1789624217782.6,0,forward,0
23636,0,50,150,540024.57,540025.07,1789624217932.6,0,forward,0
23637,0,50,150,540174.57,540175.38,1789624218082.6,0,forward,0
23638,0,50,150,540324.57,540325.15,1789624218232.6,0,forward,0
23639,0,50,150,540474.57,540475.19,1789624218382.6,0,forward,0
23640,0,50,150,540624.57,540625.21,1789624218532.6,0,forward,0
23641,0,50,150,540774.57,540775.16,1789624218682.6,0,forward,0
23642,0,50,150,540924.57,540925.10,1789624218832.6,0,forward,0
23643,0,50,150,541074.57,541074.98,1789624218982.6,0,forward,0
23644,0,50,150,541224.57,541225.07,1789624219132.6,0,forward,0
23645,0,50,150,541374.57,541375.19,1789624219282.6,0,forward,0
23646,0,50,150,541524.57,541524.99,1789624219432.6,0,forward,0
23647,0,50,150,541674.57,541675.25,1789624219582.6,0,forward,0
23648,0,50,150,541824.57,541825.05,1789624219732.6,0,forward,0
23649,0,50,150,541974.57,541975.08,1789624219882.6,0,forward,0
23650,0,50,150,542124.57,542125.00,1789624220032.6,0,forward,0
23651,0,50,150,542274.57,542275.31,1789624220182.6,0,forward,0
23652,0,50,150,542424.57,542425.11,1789624220332.6,0,forward,0
23653,0,50,150,542574.57,542575.15,1789624220482.6,0,forward,0
23654,0,50,150,542724.57,542725.19,1789624220632.6,0,forward,0
23655,0,50,150,542874.57,542875.05,1789624220782.6,0,forward,0
23656,0,50,150,543024.57,543025.27,1789624220932.6,0,forward,0
23657,0,50,150,543174.57,543175.14,1789624221082.6,0,forward,0
23658,0,50,150,543324.57,543325.19,1789624221232.6,0,forward,0
23659,0,50,150,543474.57,543475.20,1789624221382.6,0,forward,0
23660,0,50,150,543624.57,543625.20,1789624221532.6,0,forward,0
23661,0,50,150,543774.69,543775.40,1789624221682.7,0,forward,0
23662,0,50,150,543924.57,543925.15,1789624221832.6,0,forward,0
23663,0,50,150,544074.57,544075.15,1789624221982.6,0,forward,0
23664,0,50,150,544224.57,544225.06,1789624222132.6,0,forward,0
23665,0,50,150,544374.57,544375.17,1789624222282.6,0,forward,0
23666,0,50,150,544524.57,544525.06,1789624222432.6,0,forward,0
23667,0,50,150,544674.57,544675.13,1789624222582.6,0,forward,0
23668,0,50,150,544824.57,544825.06,1789624222732.6,0,forward,0
23669,0,50,150,544974.57,544975.05,1789624222882.6,0,forward,0
23670,0,50,150,545124.57,545125.14,1789624223032.6,0,forward,0
23671,0,50,150,545274.57,545275.16,1789624223182.6,0,forward,0
23672,0,50,150,545424.57,545425.30,1789624223332.6,0,forward,0
23673,0,50,150,545574.57,545575.15,1789624223482.6,0,forward,0
23674,0,50,150,545724.57,545725.11,1789624223632.6,0,forward,0
23675,0,50,150,545874.57,545875.16,1789624223782.6,0,forward,0
23676,0,50,150,546024.57,546025.13,1789624223932.6,0,forward,0
23677,0,50,150,546174.57,546175.19,1789624224082.6,0,forward,0
23678,0,50,150,546324.63,546325.29,1789624224232.6,0,forward,0
23679,0,50,150,546474.57,546475.19,1789624224382.6,0,forward,0
23680,0,50,150,546624.57,546625.11,1789624224532.6,0,forward,0
23681,0,50,150,546774.57,546775.16,1789624224682.6,0,forward,0
23682,0,50,150,546924.57,546924.93,1789624224832.6,0,forward,0
23683,0,50,150,547074.57,547075.17,1789624224982.6,0,forward,0
23684,0,50,150,547224.57,547225.42,1789624225132.6,0,forward,0
23685,0,50,150,547374.62,547375.19,1789624225282.6,0,forward,0
23686,0,50,150,547524.57,547525.10,1789624225432.6,0,forward,0
23687,0,50,150,547674.57,547675.14,1789624225582.6,0,forward,0
23688,0,50,150,547824.57,547825.17,1789624225732.6,0,forward,0
23689,0,50,150,547974.57,547975.30,1789624225882.6,0,forward,0
23690,0,50,150,548124.57,548125.11,1789624226032.6,0,forward,0
23691,0,50,150,548274.57,548275.23,1789624226182.6,0,forward,0
23692,0,50,150,548424.57,548425.15,1789624226332.6,0,forward,0
23693,0,50,150,548574.57,548575.17,1789624226482.6,0,forward,0
23694,0,50,150,548724.57,548725.18,1789624226632.6,0,forward,0
23695,0,50,150,548874.57,548875.10,1789624226782.6,0,forward,0
23696,0,50,150,549024.57,549025.20,1789624226932.6,0,forward,0
23697,0,50,150,549174.57,549175.15,1789624227082.6,0,forward,0
23698,0,50,150,549324.57,549325.17,1789624227232.6,0,forward,0
23699,0,50,150,549474.57,549475.17,1789624227382.6,0,forward,0
23700,0,50,150,549475.21,549475.61,1789624227383.2,0,forward,0
23701,0,50,150,549625.21,549625.68,1789624227533.2,0,forward,0
23702,0,50,150,549775.21,549775.76,1789624227683.2,0,forward,0
23703,0,50,150,549925.21,549925.78,1789624227833.2,0,forward,0
23704,0,50,150,550075.21,550075.76,1789624227983.2,0,forward,0
23705,0,50,150,550225.21,550225.73,1789624228133.2,0,forward,0
23706,0,50,150,550375.22,550375.71,1789624228283.2,0,forward,0
23707,0,50,150,550525.21,550525.93,1789624228433.2,0,forward,0
23708,0,50,150,550675.21,550675.71,1789624228583.2,0,forward,0
23709,0,50,150,550825.21,550825.87,1789624228733.2,0,forward,0
23710,0,50,150,550975.21,550975.73,1789624228883.2,0,forward,0
23711,0,50,150,551125.21,551125.82,1789624229033.2,0,forward,0
23712,0,50,150,551275.21,551275.72,1789624229183.2,0,forward,0
23713,0,50,150,551425.21,551425.89,1789624229333.2,0,forward,0
23714,0,50,150,551575.21,551575.83,1789624229483.2,0,forward,0
23715,0,50,150,551725.21,551725.82,1789624229633.2,0,forward,0
23716,0,50,150,551875.21,551876.03,1789624229783.2,0,forward,0
23717,0,50,150,552025.21,552025.83,1789624229933.2,0,forward,0
23718,0,50,150,552175.21,552175.86,1789624230083.2,0,forward,0
23719,0,50,150,552325.21,552325.73,1789624230233.2,0,forward,0
23720,0,50,150,552475.21,552475.73,1789624230383.2,0,forward,0
23721,0,50,150,552625.21,552625.80,1789624230533.2,0,forward,0
23722,0,50,150,552775.21,552775.79,1789624230683.2,0,forward,0
23723,0,50,150,552925.21,552925.67,1789624230833.2,0,forward,0
23724,0,50,150,553075.21,553075.88,1789624230983.2,0,forward,0
23725,0,50,150,553225.21,553225.74,1789624231133.2,0,forward,0
23726,0,50,150,553375.21,553375.70,1789624231283.2,0,forward,0
23727,0,50,150,553525.21,553525.87,1789624231433.2,0,forward,0
23728,0,50,150,553675.21,553675.79,1789624231583.2,0,forward,0
23729,0,50,150,553825.21,553825.93,1789624231733.2,0,forward,0
23730,0,50,150,553975.21,553976.08,1789624231883.2,0,forward,0
23731,0,50,150,554125.21,554125.75,1789624232033.2,0,forward,0
23732,0,50,150,554275.21,554275.69,1789624232183.2,0,forward,0
23733,0,50,150,554425.21,554425.68,1789624232333.2,0,forward,0
23734,0,50,150,554575.21,554575.69,1789624232483.2,0,forward,0
23735,0,50,150,554725.21,554725.77,1789624232633.2,0,forward,0
23736,0,50,150,554875.21,554875.81,1789624232783.2,0,forward,0
23737,0,50,150,555025.21,555025.72,1789624232933.2,0,forward,0
23738,0,50,150,555176.16,555176.70,1789624233084.2,0,forward,0
23739,0,50,150,555325.21,555325.53,1789624233233.2,0,forward,0
23740,0,50,150,555475.21,555475.77,1789624233383.2,0,forward,0
23741,0,50,150,555625.21,555625.81,1789624233533.2,0,forward,0
23742,0,50,150,555775.21,555775.61,1789624233683.2,0,forward,0
23743,0,50,150,555925.21,555925.68,1789624233833.2,0,forward,0
23744,0,50,150,556075.21,556075.88,1789624233983.2,0,forward,0
23745,0,50,150,556225.21,556225.82,1789624234133.2,0,forward,0
23746,0,50,150,556375.21,556375.76,1789624234283.2,0,forward,0
23747,0,50,150,556525.21,556525.82,1789624234433.2,0,forward,0
23748,0,50,150,556675.21,556675.82,1789624234583.2,0,forward,0
23749,0,50,150,556825.21,556825.79,1789624234733.2,0,forward,0
23750,0,50,150,556975.21,556975.73,1789624234883.2,0,forward,0
23751,0,50,150,557125.21,557125.80,1789624235033.2,0,forward,0
23752,0,50,150,557275.22,557275.76,1789624235183.2,0,forward,0
23753,0,50,150,557425.21,557425.95,1789624235333.2,0,forward,0
23754,0,50,150,557575.21,557575.75,1789624235483.2,0,forward,0
23755,0,50,150,557725.21,557725.61,1789624235633.2,0,forward,0
23756,0,50,150,557875.21,557875.89,1789624235783.2,0,forward,0
23757,0,50,150,558025.21,558025.87,1789624235933.2,0,forward,0
23758,0,50,150,558175.21,558175.80,1789624236083.2,0,forward,0
23759,0,50,150,558325.21,558325.81,1789624236233.2,0,forward,0
23760,0,50,150,558475.21,558475.74,1789624236383.2,0,forward,0
23761,0,50,150,558625.21,558625.75,1789624236533.2,0,forward,0
23762,0,50,150,558775.21,558775.76,1789624236683.2,0,forward,0
23763,0,50,150,558925.21,558925.88,1789624236833.2,0,forward,0
23764,0,50,150,559075.21,559075.89,1789624236983.2,0,forward,0
23765,0,50,150,559225.21,559225.72,1789624237133.2,0,forward,0
23766,0,50,150,559375.21,559375.67,1789624237283.2,0,forward,0
23767,0,50,150,559525.21,559525.72,1789624237433.2,0,forward,0
23768,0,50,150,559675.21,559675.71,1789624237583.2,0,forward,0
23769,0,50,150,559825.21,559825.91,1789624237733.2,0,forward,0
23770,0,50,150,559975.21,559975.72,1789624237883.2,0,forward,0
23771,0,50,150,560125.21,560125.79,1789624238033.2,0,forward,0
23772,0,50,150,560275.21,560275.57,1789624238183.2,0,forward,0
23773,0,50,150,560425.21,560425.65,1789624238333.2,0,forward,0
23774,0,50,150,560575.21,560575.79,1789624238483.2,0,forward,0
23775,0,50,150,560725.21,560725.67,1789624238633.2,0,forward,0
23776,0,50,150,560875.21,560875.73,1789624238783.2,0,forward,0
23777,0,50,150,561025.21,561025.65,1789624238933.2,0,forward,0
23778,0,50,150,561175.21,561175.65,1789624239083.2,0,forward,0
23779,0,50,150,561325.21,561325.82,1789624239233.2,0,forward,0
23780,0,50,150,561475.21,561475.68,1789624239383.2,0,forward,0
23781,0,50,150,561625.21,561625.78,1789624239533.2,0,forward,0
23782,0,50,150,561775.21,561775.73,1789624239683.2,0,forward,0
23783,0,50,150,561925.22,561925.71,1789624239833.2,0,forward,0
23784,0,50,150,562075.21,562075.72,1789624239983.2,0,forward,0
23785,0,50,150,562225.21,562225.65,1789624240133.2,0,forward,0
23786,0,50,150,562376.16,562376.72,1789624240284.2,0,forward,0
23787,0,50,150,562525.21,562525.78,1789624240433.2,0,forward,0
23788,0,50,150,562675.21,562675.79,1789624240583.2,0,forward,0
23789,0,50,150,562825.21,562825.66,1789624240733.2,0,forward,0
23790,0,50,150,562975.21,562975.75,1789624240883.2,0,forward,0
23791,0,50,150,563125.61,563126.11,1789624241033.6,0,forward,0
23792,0,50,150,563275.55,563276.04,1789624241183.6,0,forward,0
23793,0,50,150,563425.21,563425.84,1789624241333.2,0,forward,0
23794,0,50,150,563575.21,563575.66,1789624241483.2,0,forward,0
23795,0,50,150,563725.21,563725.81,1789624241633.2,0,forward,0
23796,0,50,150,563875.21,563875.84,1789624241783.2,0,forward,0
23797,0,50,150,564025.21,564025.89,1789624241933.2,0,forward,0
23798,0,50,150,564175.21,564175.71,1789624242083.2,0,forward,0
23799,0,50,150,564325.22,564325.81,1789624242233.2,0,forward,0
23800,0,50,150,564325.85,564326.26,1789624242233.8,0,forward,0
23801,0,50,150,564475.85,564476.33,1789624242383.8,0,forward,0
23802,0,50,150,564625.85,564626.28,1789624242533.8,0,forward,0
23803,0,50,150,564775.85,564776.41,1789624242683.8,0,forward,0
23804,0,50,150,564925.85,564926.36,1789624242833.8,0,forward,0
23805,0,50,150,565075.85,565076.38,1789624242983.8,0,forward,0
23806,0,50,150,565225.85,565226.38,1789624243133.8,0,forward,0
23807,0,50,150,565375.85,565376.37,1789624243283.8,0,forward,0
23808,0,50,150,565525.85,565526.39,1789624243433.8,0,forward,0
23809,0,50,150,565675.85,565676.37,1789624243583.8,0,forward,0
23810,0,50,150,565825.88,565826.47,1789624243733.9,0,forward,0
23811,0,50,150,565975.85,565976.44,1789624243883.8,0,forward,0
23812,0,50,150,566125.85,566126.47,1789624244033.8,0,forward,0
23813,0,50,150,566275.85,566276.43,1789624244183.8,0,forward,0
23814,0,50,150,566425.85,566426.42,1789624244333.8,0,forward,0
23815,0,50,150,566575.85,566576.41,1789624244483.8,0,forward,0
23816,0,50,150,566725.85,566726.43,1789624244633.8,0,forward,0
23817,0,50,150,566875.85,566876.48,1789624244783.8,0,forward,0
23818,0,50,150,567025.85,567026.50,1789624244933.8,0,forward,0
23819,0,50,150,567175.85,567176.37,1789624245083.8,0,forward,0
23820,0,50,150,567326.13,567326.72,1789624245234.1,0,forward,0
23821,0,50,150,567475.85,567476.53,1789624245383.8,0,forward,0
23822,0,50,150,567625.85,567626.33,1789624245533.8,0,forward,0
23823,0,50,150,567775.85,567776.45,1789624245683.8,0,forward,0
23824,0,50,150,567925.85,567926.44,1789624245833.8,0,forward,0
23825,0,50,150,568075.85,568076.52,1789624245983.8,0,forward,0
23826,0,50,150,568225.85,568226.54,1789624246133.8,0,forward,0
23827,0,50,150,568375.85,568376.30,1789624246283.8,0,forward,0
23828,0,50,150,568525.85,568526.38,1789624246433.8,0,forward,0
23829,0,50,150,568675.85,568676.52,1789624246583.8,0,forward,0
23830,0,50,150,568825.85,568826.44,1789624246733.8,0,forward,0
23831,0,50,150,568975.85,568976.42,1789624246883.8,0,forward,0
23832,0,50,150,569125.87,569126.47,1789624247033.9,0,forward,0
23833,0,50,150,569275.85,569276.38,1789624247183.8,0,forward,0
23834,0,50,150,569425.86,569426.40,1789624247333.9,0,forward,0
23835,0,50,150,569575.85,569576.42,1789624247483.8,0,forward,0
23836,0,50,150,569725.85,569726.43,1789624247633.8,0,forward,0
23837,0,50,150,569875.85,569876.41,1789624247783.8,0,forward,0
23838,0,50,150,570025.85,570026.37,1789624247933.8,0,forward,0
23839,0,50,150,570175.85,570176.66,1789624248083.8,0,forward,0
23840,0,50,150,570325.85,570326.44,1789624248233.8,0,forward,0
23841,0,50,150,570475.85,570476.41,1789624248383.8,0,forward,0
23842,0,50,150,570625.85,570626.43,1789624248533.8,0,forward,0
23843,0,50,150,570775.85,570776.37,1789624248683.8,0,forward,0
23844,0,50,150,570925.85,570926.43,1789624248833.8,0,forward,0
23845,0,50,150,571075.85,571076.50,1789624248983.8,0,forward,0
23846,0,50,150,571225.85,571226.35,1789624249133.8,0,forward,0
23847,0,50,150,571375.85,571376.31,1789624249283.8,0,forward,0
23848,0,50,150,571525.85,571526.38,1789624249433.8,0,forward,0
23849,0,50,150,571675.86,571676.43,1789624249583.9,0,forward,0
23850,0,50,150,571825.85,571826.38,1789624249733.8,0,forward,0
23851,0,50,150,571975.85,571976.33,1789624249883.8,0,forward,0
23852,0,50,150,572125.85,572126.49,1789624250033.8,0,forward,0
23853,0,50,150,572275.85,572276.37,1789624250183.8,0,forward,0
23854,0,50,150,572425.85,572426.39,1789624250333.8,0,forward,0
23855,0,50,150,572575.85,572576.48,1789624250483.8,0,forward,0
23856,0,50,150,572725.85,572726.33,1789624250633.8,0,forward,0
23857,0,50,150,572875.85,572876.53,1789624250783.8,0,forward,0
23858,0,50,150,573026.03,573026.58,1789624250934.0,0,forward,0
23859,0,50,150,573175.85,573176.29,1789624251083.8,0,forward,0
23860,0,50,150,573325.85,573326.50,1789624251233.8,0,forward,0
23861,0,50,150,573475.85,573476.41,1789624251383.8,0,forward,0
23862,0,50,150,573625.85,573626.56,1789624251533.8,0,forward,0
23863,0,50,150,573775.85,573776.47,1789624251683.8,0,forward,0
23864,0,50,150,573925.85,573926.39,1789624251833.8,0,forward,0
23865,0,50,150,574075.85,574076.40,1789624251983.8,0,forward,0
23866,0,50,150,574225.85,574226.52,1789624252133.8,0,forward,0
23867,0,50,150,574375.85,574376.45,1789624252283.8,0,forward,0
23868,0,50,150,574525.85,574526.39,1789624252433.8,0,forward,0
23869,0,50,150,574675.85,574676.42,1789624252583.8,0,forward,0
23870,0,50,150,574825.85,574826.36,1789624252733.8,0,forward,0
23871,0,50,150,574975.85,574976.43,1789624252883.8,0,forward,0
23872,0,50,150,575125.85,575126.43,1789624253033.8,0,forward,0
23873,0,50,150,575275.85,575276.45,1789624253183.8,0,forward,0
23874,0,50,150,575425.85,575426.42,1789624253333.8,0,forward,0
23875,0,50,150,575575.85,575576.38,1789624253483.8,0,forward,0
23876,0,50,150,575725.85,575726.43,1789624253633.8,0,forward,0
23877,0,50,150,575875.85,575876.53,1789624253783.8,0,forward,0
23878,0,50,150,576025.85,576026.47,1789624253933.8,0,forward,0
23879,0,50,150,576175.85,576176.46,1789624254083.8,0,forward,0
23880,0,50,150,576325.85,576326.32,1789624254233.8,0,forward,0
23881,0,50,150,576475.85,576476.37,1789624254383.8,0,forward,0
23882,0,50,150,576625.85,576626.47,1789624254533.8,0,forward,0
23883,0,50,150,576775.85,576776.34,1789624254683.8,0,forward,0
23884,0,50,150,576925.85,576926.40,1789624254833.8,0,forward,0
23885,0,50,150,577075.85,577076.38,1789624254983.8,0,forward,0
23886,0,50,150,577225.85,577226.37,1789624255133.8,0,forward,0
23887,0,50,150,577375.85,577376.33,1789624255283.8,0,forward,0
23888,0,50,150,577525.85,577526.42,1789624255433.8,0,forward,0
23889,0,50,150,577675.85,577676.39,1789624255583.8,0,forward,0
23890,0,50,150,577825.85,577826.27,1789624255733.8,0,forward,0
23891,0,50,150,577975.85,577976.37,1789624255883.8,0,forward,0
23892,0,50,150,578125.85,578126.32,1789624256033.8,0,forward,0
23893,0,50,150,578275.85,578276.42,1789624256183.8,0,forward,0
23894,0,50,150,578425.85,578426.39,1789624256333.8,0,forward,0
23895,0,50,150,578575.85,578576.40,1789624256483.8,0,forward,0
23896,0,50,150,578725.85,578726.36,1789624256633.8,0,forward,0
23897,0,50,150,578875.85,578876.30,1789624256783.8,0,forward,0
23898,0,50,150,579025.86,579026.42,1789624256933.9,0,forward,0
23899,0,50,150,579175.85,579176.41,1789624257083.8,0,forward,0
23900,0,50,150,579176.44,579176.90,1789624257084.4,0,forward,0
23901,0,50,150,579326.44,579326.98,1789624257234.4,0,forward,0
23902,0,50,150,579476.44,579476.96,1789624257384.4,0,forward,0
23903,0,50,150,579626.44,579627.01,1789624257534.4,0,forward,0
23904,0,50,150,579776.44,579776.94,1789624257684.4,0,forward,0
23905,0,50,150,579926.44,579927.03,1789624257834.4,0,forward,0
23906,0,50,150,580076.44,580076.82,1789624257984.4,0,forward,0
23907,0,50,150,580226.44,580226.96,1789624258134.4,0,forward,0
23908,0,50,150,580376.44,580377.01,1789624258284.4,0,forward,0
23909,0,50,150,580526.44,580526.94,1789624258434.4,0,forward,0
23910,0,50,150,580676.44,580677.06,1789624258584.4,0,forward,0
23911,0,50,150,580826.44,580827.01,1789624258734.4,0,forward,0
23912,0,50,150,580976.44,580976.92,1789624258884.4,0,forward,0
23913,0,50,150,581126.44,581126.91,1789624259034.4,0,forward,0
23914,0,50,150,581276.44,581276.94,1789624259184.4,0,forward,0
23915,0,50,150,581426.71,581427.31,1789624259334.7,0,forward,0
23916,0,50,150,581576.44,581576.98,1789624259484.4,0,forward,0
23917,0,50,150,581726.44,581726.93,1789624259634.4,0,forward,0
23918,0,50,150,581876.44,581876.99,1789624259784.4,0,forward,0
23919,0,50,150,582026.44,582026.90,1789624259934.4,0,forward,0
23920,0,50,150,582176.44,582176.95,1789624260084.4,0,forward,0
23921,0,50,150,582326.44,582326.97,1789624260234.4,0,forward,0
23922,0,50,150,582476.44,582476.94,1789624260384.4,0,forward,0
23923,0,50,150,582626.44,582626.95,1789624260534.4,0,forward,0
23924,0,50,150,582776.44,582776.95,1789624260684.4,0,forward,0
23925,0,50,150,582926.44,582926.97,1789624260834.4,0,forward,0
23926,0,50,150,583076.44,583076.90,1789624260984.4,0,forward,0
23927,0,50,150,583226.44,583227.26,1789624261134.4,0,forward,0
23928,0,50,150,583376.44,583376.99,1789624261284.4,0,forward,0
23929,0,50,150,583526.44,583526.93,1789624261434.4,0,forward,0
23930,0,50,150,583676.44,583676.87,1789624261584.4,0,forward,0
23931,0,50,150,583826.44,583826.96,1789624261734.4,0,forward,0
23932,0,50,150,583976.44,583976.94,1789624261884.4,0,forward,0
23933,0,50,150,584126.44,584126.82,1789624262034.4,0,forward,0
23934,0,50,150,584276.44,584276.82,1789624262184.4,0,forward,0
23935,0,50,150,584426.44,584426.93,1789624262334.4,0,forward,0
23936,0,50,150,584576.44,584576.97,1789624262484.4,0,forward,0
23937,0,50,150,584726.44,584726.97,1789624262634.4,0,forward,0
23938,0,50,150,584876.44,584876.95,1789624262784.4,0,forward,0
23939,0,50,150,585026.44,585027.08,1789624262934.4,0,forward,0
23940,0,50,150,585176.44,585176.96,1789624263084.4,0,forward,0
23941,0,50,150,585326.44,585326.95,1789624263234.4,0,forward,0
23942,0,50,150,585476.44,585476.94,1789624263384.4,0,forward,0
23943,0,50,150,585626.44,585626.92,1789624263534.4,0,forward,0
23944,0,50,150,585776.44,585776.98,1789624263684.4,0,forward,0
23945,0,50,150,585926.44,585926.99,1789624263834.4,0,forward,0
23946,0,50,150,586076.44,586076.99,1789624263984.4,0,forward,0
23947,0,50,150,586226.44,586226.99,1789624264134.4,0,forward,0
23948,0,50,150,586376.44,586377.11,1789624264284.4,0,forward,0
23949,0,50,150,586526.44,586526.84,1789624264434.4,0,forward,0
23950,0,50,150,586676.44,586677.11,1789624264584.4,0,forward,0
23951,0,50,150,586826.44,586827.04,1789624264734.4,0,forward,0
23952,0,50,150,586976.44,586977.14,1789624264884.4,0,forward,0
23953,0,50,150,587126.44,587126.94,1789624265034.4,0,forward,0
23954,0,50,150,587276.44,587277.08,1789624265184.4,0,forward,0
23955,0,50,150,587426.44,587427.35,1789624265334.4,0,forward,0
23956,0,50,150,587576.46,587577.13,1789624265484.5,0,forward,0
23957,0,50,150,587726.44,587726.96,1789624265634.4,0,forward,0
23958,0,50,150,587876.44,587876.90,1789624265784.4,0,forward,0
23959,0,50,150,588026.44,588026.96,1789624265934.4,0,forward,0
23960,0,50,150,588176.66,588177.15,1789624266084.7,0,forward,0
23961,0,50,150,588326.44,588326.89,1789624266234.4,0,forward,0
23962,0,50,150,588476.44,588476.96,1789624266384.4,0,forward,0
23963,0,50,150,588626.44,588626.78,1789624266534.4,0,forward,0
23964,0,50,150,588776.44,588776.97,1789624266684.4,0,forward,0
23965,0,50,150,588926.44,588926.99,1789624266834.4,0,forward,0
23966,0,50,150,589076.44,589076.95,1789624266984.4,0,forward,0
23967,0,50,150,589226.44,589226.91,1789624267134.4,0,forward,0
23968,0,50,150,589376.44,589377.01,1789624267284.4,0,forward,0
23969,0,50,150,589526.44,589527.12,1789624267434.4,0,forward,0
23970,0,50,150,589676.44,589676.94,1789624267584.4,0,forward,0
23971,0,50,150,589826.44,589826.94,1789624267734.4,0,forward,0
23972,0,50,150,589976.44,589976.94,1789624267884.4,0,forward,0
23973,0,50,150,590126.44,590126.93,1789624268034.4,0,forward,0
23974,0,50,150,590276.44,590276.95,1789624268184.4,0,forward,0
23975,0,50,150,590426.44,590427.00,1789624268334.4,0,forward,0
23976,0,50,150,590576.44,590577.06,1789624268484.4,0,forward,0
23977,0,50,150,590726.44,590726.91,1789624268634.4,0,forward,0
23978,0,50,150,590876.44,590877.16,1789624268784.4,0,forward,0
23979,0,50,150,591026.44,591027.03,1789624268934.4,0,forward,0
23980,0,50,150,591176.44,591176.98,1789624269084.4,0,forward,0
23981,0,50,150,591326.44,591327.07,1789624269234.4,0,forward,0
23982,0,50,150,591476.44,591477.06,1789624269384.4,0,forward,0
23983,0,50,150,591626.44,591626.94,1789624269534.4,0,forward,0
23984,0,50,150,591776.45,591776.98,1789624269684.5,0,forward,0
23985,0,50,150,591926.44,591926.90,1789624269834.4,0,forward,0
23986,0,50,150,592076.44,592077.30,1789624269984.4,0,forward,0
23987,0,50,150,592226.44,592227.00,1789624270134.4,0,forward,0
23988,0,50,150,592376.44,592376.96,1789624270284.4,0,forward,0
23989,0,50,150,592526.44,592527.02,1789624270434.4,0,forward,0
23990,0,50,150,592676.44,592677.04,1789624270584.4,0,forward,0
23991,0,50,150,592826.44,592826.95,1789624270734.4,0,forward,0
23992,0,50,150,592976.44,592977.01,1789624270884.4,0,forward,0
23993,0,50,150,593126.69,593127.22,1789624271034.7,0,forward,0
23994,0,50,150,593276.44,593276.77,1789624271184.4,0,forward,0
23995,0,50,150,593426.44,593427.01,1789624271334.4,0,forward,0
23996,0,50,150,593576.44,593577.08,1789624271484.4,0,forward,0
23997,0,50,150,593726.44,593727.00,1789624271634.4,0,forward,0
23998,0,50,150,593876.44,593877.00,1789624271784.4,0,forward,0
23999,0,50,150,594026.63,594027.26,1789624271934.6,0,forward,0
24000,0,50,150,594027.30,594027.84,1789624271935.3,0,forward,0
24001,0,50,150,594177.30,594177.81,1789624272085.3,0,forward,0
24002,0,50,150,594327.30,594327.73,1789624272235.3,0,forward,0
24003,0,50,150,594477.30,594477.83,1789624272385.3,0,forward,0
24004,0,50,150,594627.30,594627.75,1789624272535.3,0,forward,0
24005,0,50,150,594777.30,594777.79,1789624272685.3,0,forward,0
24006,0,50,150,594927.30,594927.95,1789624272835.3,0,forward,0
24007,0,50,150,595077.30,595077.71,1789624272985.3,0,forward,0
24008,0,50,150,595227.30,595227.89,1789624273135.3,0,forward,0
24009,0,50,150,595377.31,595377.91,1789624273285.3,0,forward,0
24010,0,50,150,595527.30,595527.78,1789624273435.3,0,forward,0
24011,0,50,150,595677.30,595677.90,1789624273585.3,0,forward,0
24012,0,50,150,595827.30,595827.79,1789624273735.3,0,forward,0
24013,0,50,150,595977.30,595977.91,1789624273885.3,0,forward,0
24014,0,50,150,596127.30,596127.85,1789624274035.3,0,forward,0
24015,0,50,150,596277.30,596277.96,1789624274185.3,0,forward,0
24016,0,50,150,596427.30,596427.98,1789624274335.3,0,forward,0
24017,0,50,150,596577.30,596577.86,1789624274485.3,0,forward,0
24018,0,50,150,596727.30,596727.85,1789624274635.3,0,forward,0
24019,0,50,150,596877.30,596877.91,1789624274785.3,0,forward,0
24020,0,50,150,597027.30,597027.85,1789624274935.3,0,forward,0
24021,0,50,150,597177.31,597177.65,1789624275085.3,0,forward,0
24022,0,50,150,597327.31,597327.94,1789624275235.3,0,forward,0
24023,0,50,150,597477.30,597477.98,1789624275385.3,0,forward,0
24024,0,50,150,597627.30,597627.91,1789624275535.3,0,forward,0
24025,0,50,150,597777.30,597777.73,1789624275685.3,0,forward,0
24026,0,50,150,597927.30,597927.89,1789624275835.3,0,forward,0
24027,0,50,150,598077.30,598078.06,1789624275985.3,0,forward,0
24028,0,50,150,598227.30,598227.83,1789624276135.3,0,forward,0
24029,0,50,150,598377.30,598377.85,1789624276285.3,0,forward,0
24030,0,50,150,598527.30,598527.79,1789624276435.3,0,forward,0
24031,0,50,150,598677.30,598677.92,1789624276585.3,0,forward,0
24032,0,50,150,598827.30,598827.83,1789624276735.3,0,forward,0
24033,0,50,150,598977.30,598978.00,1789624276885.3,0,forward,0
24034,0,50,150,599127.30,599127.96,1789624277035.3,0,forward,0
24035,0,50,150,599277.30,599277.86,1789624277185.3,0,forward,0
24036,0,50,150,599427.30,599428.06,1789624277335.3,0,forward,0
24037,0,50,150,599577.30,599577.99,1789624277485.3,0,forward,0
24038,0,50,150,599727.30,599727.95,1789624277635.3,0,forward,0
24039,0,50,150,599877.30,599877.80,1789624277785.3,0,forward,0
24040,0,50,150,600027.30,600028.01,1789624277935.3,0,forward,0
24041,0,50,150,600177.30,600177.78,1789624278085.3,0,forward,0
24042,0,50,150,600327.30,600327.82,1789624278235.3,0,forward,0
24043,0,50,150,600477.30,600477.90,1789624278385.3,0,forward,0
24044,0,50,150,600627.30,600627.93,1789624278535.3,0,forward,0
24045,0,50,150,600777.30,600777.95,1789624278685.3,0,forward,0
24046,0,50,150,600927.30,600927.72,1789624278835.3,0,forward,0
24047,0,50,150,601077.31,601077.84,1789624278985.3,0,forward,0
24048,0,50,150,601227.31,601227.78,1789624279135.3,0,forward,0
24049,0,50,150,601377.30,601377.98,1789624279285.3,0,forward,0
24050,0,50,150,601527.30,601527.88,1789624279435.3,0,forward,0
24051,0,50,150,601677.30,601677.76,1789624279585.3,0,forward,0
24052,0,50,150,601827.30,601827.79,1789624279735.3,0,forward,0
24053,0,50,150,601977.31,601977.94,1789624279885.3,0,forward,0
24054,0,50,150,602127.30,602127.80,1789624280035.3,0,forward,0
24055,0,50,150,602277.30,602277.77,1789624280185.3,0,forward,0
24056,0,50,150,602427.30,602427.92,1789624280335.3,0,forward,0
24057,0,50,150,602577.30,602577.82,1789624280485.3,0,forward,0
24058,0,50,150,602727.30,602727.79,1789624280635.3,0,forward,0
24059,0,50,150,602877.30,602877.91,1789624280785.3,0,forward,0
24060,0,50,150,603027.30,603027.93,1789624280935.3,0,forward,0
24061,0,50,150,603177.30,603177.89,1789624281085.3,0,forward,0
24062,0,50,150,603327.30,603327.88,1789624281235.3,0,forward,0
24063,0,50,150,603477.30,603477.98,1789624281385.3,0,forward,0
24064,0,50,150,603627.30,603627.83,1789624281535.3,0,forward,0
24065,0,50,150,603777.30,603777.88,1789624281685.3,0,forward,0
24066,0,50,150,603927.30,603927.93,1789624281835.3,0,forward,0
24067,0,50,150,604077.30,604077.77,1789624281985.3,0,forward,0
24068,0,50,150,604227.30,604228.03,1789624282135.3,0,forward,0
24069,0,50,150,604377.30,604377.87,1789624282285.3,0,forward,0
24070,0,50,150,604527.30,604527.83,1789624282435.3,0,forward,0
24071,0,50,150,604677.30,604677.79,1789624282585.3,0,forward,0
24072,0,50,150,604827.30,604827.91,1789624282735.3,0,forward,0
24073,0,50,150,604977.30,604977.95,1789624282885.3,0,forward,0
24074,0,50,150,605127.30,605128.01,1789624283035.3,0,forward,0
24075,0,50,150,605277.30,605277.93,1789624283185.3,0,forward,0
24076,0,50,150,605427.30,605427.96,1789624283335.3,0,forward,0
24077,0,50,150,605577.30,605577.92,1789624283485.3,0,forward,0
24078,0,50,150,605727.30,605727.78,1789624283635.3,0,forward,0
24079,0,50,150,605877.30,605877.74,1789624283785.3,0,forward,0
24080,0,50,150,606027.30,606027.98,1789624283935.3,0,forward,0
24081,0,50,150,606177.30,606177.89,1789624284085.3,0,forward,0
24082,0,50,150,606327.30,606327.84,1789624284235.3,0,forward,0
24083,0,50,150,606477.30,606477.93,1789624284385.3,0,forward,0
24084,0,50,150,606627.30,606627.96,1789624284535.3,0,forward,0
24085,0,50,150,606777.30,606777.83,1789624284685.3,0,forward,0
24086,0,50,150,606927.30,606927.95,1789624284835.3,0,forward,0
24087,0,50,150,607077.30,607077.74,1789624284985.3,0,forward,0
24088,0,50,150,607227.30,607228.15,1789624285135.3,0,forward,0
24089,0,50,150,607377.30,607377.93,1789624285285.3,0,forward,0
24090,0,50,150,607527.30,607527.94,1789624285435.3,0,forward,0
24091,0,50,150,607677.30,607677.81,1789624285585.3,0,forward,0
24092,0,50,150,607827.30,607827.95,1789624285735.3,0,forward,0
24093,0,50,150,607977.30,607977.89,1789624285885.3,0,forward,0
24094,0,50,150,608127.30,608128.00,1789624286035.3,0,forward,0
24095,0,50,150,608277.30,608277.84,1789624286185.3,0,forward,0
24096,0,50,150,608427.30,608427.88,1789624286335.3,0,forward,0
24097,0,50,150,608577.30,608577.99,1789624286485.3,0,forward,0
24098,0,50,150,608727.30,608727.86,1789624286635.3,0,forward,0
24099,0,50,150,608877.37,608877.88,1789624286785.4,0,forward,0
24100,0,50,150,608877.91,608878.36,1789624286785.9,0,forward,0
24101,0,50,150,609027.92,609028.59,1789624286935.9,0,forward,0
24102,0,50,150,609177.93,609178.27,1789624287085.9,0,forward,0
24103,0,50,150,609327.91,609328.40,1789624287235.9,0,forward,0
24104,0,50,150,609477.91,609478.48,1789624287385.9,0,forward,0
24105,0,50,150,609627.91,609628.53,1789624287535.9,0,forward,0
24106,0,50,150,609777.91,609778.38,1789624287685.9,0,forward,0
24107,0,50,150,609927.91,609928.43,1789624287835.9,0,forward,0
24108,0,50,150,610077.91,610078.68,1789624287985.9,0,forward,0
24109,0,50,150,610227.91,610228.57,1789624288135.9,0,forward,0
24110,0,50,150,610377.91,610378.59,1789624288285.9,0,forward,0
24111,0,50,150,610527.91,610528.38,1789624288435.9,0,forward,0
24112,0,50,150,610677.91,610678.39,1789624288585.9,0,forward,0
24113,0,50,150,610827.91,610828.43,1789624288735.9,0,forward,0
24114,0,50,150,610977.98,610978.50,1789624288886.0,0,forward,0
24115,0,50,150,611127.91,611128.31,1789624289035.9,0,forward,0
24116,0,50,150,611277.91,611278.38,1789624289185.9,0,forward,0
24117,0,50,150,611427.91,611428.61,1789624289335.9,0,forward,0
24118,0,50,150,611577.91,611578.47,1789624289485.9,0,forward,0
24119,0,50,150,611727.91,611728.45,1789624289635.9,0,forward,0
24120,0,50,150,611877.91,611878.40,1789624289785.9,0,forward,0
24121,0,50,150,612027.91,612028.36,1789624289935.9,0,forward,0
24122,0,50,150,612177.91,612178.41,1789624290085.9,0,forward,0
24123,0,50,150,612327.91,612328.39,1789624290235.9,0,forward,0
24124,0,50,150,612477.91,612478.44,1789624290385.9,0,forward,0
24125,0,50,150,612627.91,612628.42,1789624290535.9,0,forward,0
24126,0,50,150,612777.91,612778.62,1789624290685.9,0,forward,0
24127,0,50,150,612927.91,612928.42,1789624290835.9,0,forward,0
24128,0,50,150,613077.91,613078.42,1789624290985.9,0,forward,0
24129,0,50,150,613227.91,613228.41,1789624291135.9,0,forward,0
24130,0,50,150,613377.91,613378.43,1789624291285.9,0,forward,0
24131,0,50,150,613527.91,613528.39,1789624291435.9,0,forward,0
24132,0,50,150,613677.91,613678.35,1789624291585.9,0,forward,0
24133,0,50,150,613827.91,613828.44,1789624291735.9,0,forward,0
24134,0,50,150,613977.91,613978.37,1789624291885.9,0,forward,0
24135,0,50,150,614127.91,614128.56,1789624292035.9,0,forward,0
24136,0,50,150,614277.92,614278.40,1789624292185.9,0,forward,0
24137,0,50,150,614427.91,614428.45,1789624292335.9,0,forward,0
24138,0,50,150,614577.91,614578.48,1789624292485.9,0,forward,0
24139,0,50,150,614727.91,614728.70,1789624292635.9,0,forward,0
24140,0,50,150,614877.91,614878.57,1789624292785.9,0,forward,0
24141,0,50,150,615027.91,615028.50,1789624292935.9,0,forward,0
24142,0,50,150,615177.91,615178.42,1789624293085.9,0,forward,0
24143,0,50,150,615327.91,615328.46,1789624293235.9,0,forward,0
24144,0,50,150,615477.91,615478.46,1789624293385.9,0,forward,0
24145,0,50,150,615627.91,615628.46,1789624293535.9,0,forward,0
24146,0,50,150,615777.91,615778.49,1789624293685.9,0,forward,0
24147,0,50,150,615927.91,615928.37,1789624293835.9,0,forward,0
24148,0,50,150,616077.91,616078.56,1789624293985.9,0,forward,0
24149,0,50,150,616227.91,616228.41,1789624294135.9,0,forward,0
24150,0,50,150,616377.91,616378.39,1789624294285.9,0,forward,0
24151,0,50,150,616527.91,616528.46,1789624294435.9,0,forward,0
24152,0,50,150,616677.91,616678.55,1789624294585.9,0,forward,0
24153,0,50,150,616827.91,616828.39,1789624294735.9,0,forward,0
24154,0,50,150,616977.91,616978.50,1789624294885.9,0,forward,0
24155,0,50,150,617127.91,617128.49,1789624295035.9,0,forward,0
24156,0,50,150,617277.91,617278.42,1789624295185.9,0,forward,0
24157,0,50,150,617427.91,617428.51,1789624295335.9,0,forward,0
24158,0,50,150,617577.91,617578.59,1789624295485.9,0,forward,0
24159,0,50,150,617727.91,617728.51,1789624295635.9,0,forward,0
24160,0,50,150,617877.91,617878.45,1789624295785.9,0,forward,0
24161,0,50,150,618027.91,618028.45,1789624295935.9,0,forward,0
24162,0,50,150,618177.91,618178.51,1789624296085.9,0,forward,0
24163,0,50,150,618327.91,618328.43,1789624296235.9,0,forward,0
24164,0,50,150,618477.91,618478.56,1789624296385.9,0,forward,0
24165,0,50,150,618627.91,618628.55,1789624296535.9,0,forward,0
24166,0,50,150,618777.91,618778.44,1789624296685.9,0,forward,0
24167,0,50,150,618927.91,618928.60,1789624296835.9,0,forward,0
24168,0,50,150,619077.91,619078.45,1789624296985.9,0,forward,0
24169,0,50,150,619227.91,619228.58,1789624297135.9,0,forward,0
24170,0,50,150,619377.91,619378.68,1789624297285.9,0,forward,0
24171,0,50,150,619527.91,619528.67,1789624297435.9,0,forward,0
24172,0,50,150,619677.91,619678.56,1789624297585.9,0,forward,0
24173,0,50,150,619827.96,619828.65,1789624297736.0,0,forward,0
24174,0,50,150,619977.91,619978.40,1789624297885.9,0,forward,0
24175,0,50,150,620127.91,620128.54,1789624298035.9,0,forward,0
24176,0,50,150,620277.93,620278.62,1789624298185.9,0,forward,0
24177,0,50,150,620427.91,620428.68,1789624298335.9,0,forward,0
24178,0,50,150,620577.91,620578.54,1789624298485.9,0,forward,0
24179,0,50,150,620727.91,620728.48,1789624298635.9,0,forward,0
24180,0,50,150,620877.91,620878.57,1789624298785.9,0,forward,0
24181,0,50,150,621027.91,621028.77,1789624298935.9,0,forward,0
24182,0,50,150,621177.91,621178.62,1789624299085.9,0,forward,0
24183,0,50,150,621327.91,621328.60,1789624299235.9,0,forward,0
24184,0,50,150,621477.91,621478.62,1789624299385.9,0,forward,0
24185,0,50,150,621627.91,621628.40,1789624299535.9,0,forward,0
24186,0,50,150,621777.91,621778.71,1789624299685.9,0,forward,0
24187,0,50,150,621927.91,621928.45,1789624299835.9,0,forward,0
24188,0,50,150,622077.91,622078.52,1789624299985.9,0,forward,0
24189,0,50,150,622227.91,622228.60,1789624300135.9,0,forward,0
24190,0,50,150,622377.91,622378.79,1789624300285.9,0,forward,0
24191,0,50,150,622527.91,622528.56,1789624300435.9,0,forward,0
24192,0,50,150,622677.91,622678.56,1789624300585.9,0,forward,0
24193,0,50,150,622827.93,622828.54,1789624300735.9,0,forward,0
24194,0,50,150,622977.91,622978.41,1789624300885.9,0,forward,0
24195,0,50,150,623127.91,623128.50,1789624301035.9,0,forward,0
24196,0,50,150,623277.91,623278.44,1789624301185.9,0,forward,0
24197,0,50,150,623427.91,623428.54,1789624301335.9,0,forward,0
24198,0,50,150,623577.91,623578.48,1789624301485.9,0,forward,0
24199,0,50,150,623727.91,623728.70,1789624301635.9,0,forward,0
24200,0,50,150,623728.76,623729.27,1789624301636.8,0,forward,0
24201,0,50,150,623878.76,623879.35,1789624301786.8,0,forward,0
24202,0,50,150,624028.76,624029.31,1789624301936.8,0,forward,0
24203,0,50,150,624178.90,624179.42,1789624302086.9,0,forward,0
24204,0,50,150,624328.76,624329.22,1789624302236.8,0,forward,0
24205,0,50,150,624478.76,624479.30,1789624302386.8,0,forward,0
24206,0,50,150,624628.76,624629.31,1789624302536.8,0,forward,0
24207,0,50,150,624778.76,624779.09,1789624302686.8,0,forward,0
24208,0,50,150,624928.76,624929.24,1789624302836.8,0,forward,0
24209,0,50,150,625078.76,625079.25,1789624302986.8,0,forward,0
24210,0,50,150,625228.76,625229.30,1789624303136.8,0,forward,0
24211,0,50,150,625378.76,625379.26,1789624303286.8,0,forward,0
24212,0,50,150,625528.76,625529.34,1789624303436.8,0,forward,0
24213,0,50,150,625678.76,625679.31,1789624303586.8,0,forward,0
24214,0,50,150,625828.76,625829.25,1789624303736.8,0,forward,0
24215,0,50,150,625978.76,625979.29,1789624303886.8,0,forward,0
24216,0,50,150,626128.76,626129.29,1789624304036.8,0,forward,0
24217,0,50,150,626278.76,626279.27,1789624304186.8,0,forward,0
24218,0,50,150,626428.76,626429.59,1789624304336.8,0,forward,0
24219,0,50,150,626578.76,626579.40,1789624304486.8,0,forward,0
24220,0,50,150,626728.76,626729.43,1789624304636.8,0,forward,0
24221,0,50,150,626878.76,626879.28,1789624304786.8,0,forward,0
24222,0,50,150,627028.80,627029.33,1789624304936.8,0,forward,0
24223,0,50,150,627178.76,627179.21,1789624305086.8,0,forward,0
24224,0,50,150,627328.76,627329.29,1789624305236.8,0,forward,0
24225,0,50,150,627478.77,627479.23,1789624305386.8,0,forward,0
24226,0,50,150,627628.76,627629.34,1789624305536.8,0,forward,0
24227,0,50,150,627778.76,627779.41,1789624305686.8,0,forward,0
24228,0,50,150,627928.77,627929.36,1789624305836.8,0,forward,0
24229,0,50,150,628078.76,628079.59,1789624305986.8,0,forward,0
24230,0,50,150,628228.76,628229.43,1789624306136.8,0,forward,0
24231,0,50,150,628378.76,628379.28,1789624306286.8,0,forward,0
24232,0,50,150,628528.77,628529.36,1789624306436.8,0,forward,0
24233,0,50,150,628678.76,628679.37,1789624306586.8,0,forward,0
24234,0,50,150,628828.76,628829.46,1789624306736.8,0,forward,0
24235,0,50,150,628978.76,628979.23,1789624306886.8,0,forward,0
24236,0,50,150,629128.76,629129.67,1789624307036.8,0,forward,0
24237,0,50,150,629278.76,629279.42,1789624307186.8,0,forward,0
24238,0,50,150,629428.76,629429.39,1789624307336.8,0,forward,0
24239,0,50,150,629578.76,629579.28,1789624307486.8,0,forward,0
24240,0,50,150,629728.76,629729.44,1789624307636.8,0,forward,0
24241,0,50,150,629878.76,629879.21,1789624307786.8,0,forward,0
24242,0,50,150,630028.76,630029.42,1789624307936.8,0,forward,0
24243,0,50,150,630178.76,630179.42,1789624308086.8,0,forward,0
24244,0,50,150,630328.76,630329.40,1789624308236.8,0,forward,0
24245,0,50,150,630478.76,630479.61,1789624308386.8,0,forward,0
24246,0,50,150,630628.76,630629.30,1789624308536.8,0,forward,0
24247,0,50,150,630778.77,630779.29,1789624308686.8,0,forward,0
24248,0,50,150,630928.76,630929.26,1789624308836.8,0,forward,0
24249,0,50,150,631078.76,631079.43,1789624308986.8,0,forward,0
24250,0,50,150,631228.76,631229.54,1789624309136.8,0,forward,0
24251,0,50,150,631378.76,631379.35,1789624309286.8,0,forward,0
24252,0,50,150,631528.76,631529.43,1789624309436.8,0,forward,0
24253,0,50,150,631678.78,631679.25,1789624309586.8,0,forward,0
24254,0,50,150,631828.76,631829.54,1789624309736.8,0,forward,0
24255,0,50,150,631978.76,631979.24,1789624309886.8,0,forward,0
24256,0,50,150,632128.76,632129.53,1789624310036.8,0,forward,0
24257,0,50,150,632278.76,632279.58,1789624310186.8,0,forward,0
24258,0,50,150,632428.76,632429.50,1789624310336.8,0,forward,0
24259,0,50,150,632578.77,632579.35,1789624310486.8,0,forward,0
24260,0,50,150,632728.76,632729.32,1789624310636.8,0,forward,0
24261,0,50,150,632878.76,632879.38,1789624310786.8,0,forward,0
24262,0,50,150,633028.76,633029.55,1789624310936.8,0,forward,0
24263,0,50,150,633178.76,633179.16,1789624311086.8,0,forward,0
24264,0,50,150,633328.76,633329.58,1789624311236.8,0,forward,0
24265,0,50,150,633478.76,633479.26,1789624311386.8,0,forward,0
24266,0,50,150,633628.76,633629.62,1789624311536.8,0,forward,0
24267,0,50,150,633778.76,633779.38,1789624311686.8,0,forward,0
24268,0,50,150,633928.76,633929.35,1789624311836.8,0,forward,0
24269,0,50,150,634078.76,634079.56,1789624311986.8,0,forward,0
24270,0,50,150,634228.76,634229.35,1789624312136.8,0,forward,0
24271,0,50,150,634378.76,634379.43,1789624312286.8,0,forward,0
24272,0,50,150,634528.76,634529.43,1789624312436.8,0,forward,0
24273,0,50,150,634678.76,634679.31,1789624312586.8,0,forward,0
24274,0,50,150,634828.76,634829.43,1789624312736.8,0,forward,0
24275,0,50,150,634978.76,634979.29,1789624312886.8,0,forward,0
24276,0,50,150,635128.77,635129.54,1789624313036.8,0,forward,0
24277,0,50,150,635278.76,635279.22,1789624313186.8,0,forward,0
24278,0,50,150,635428.76,635429.56,1789624313336.8,0,forward,0
24279,0,50,150,635578.76,635579.53,1789624313486.8,0,forward,0
24280,0,50,150,635728.76,635729.43,1789624313636.8,0,forward,0
24281,0,50,150,635878.77,635879.29,1789624313786.8,0,forward,0
24282,0,50,150,636028.76,636029.52,1789624313936.8,0,forward,0
24283,0,50,150,636178.76,636179.31,1789624314086.8,0,forward,0
24284,0,50,150,636328.76,636329.32,1789624314236.8,0,forward,0
24285,0,50,150,636478.76,636479.35,1789624314386.8,0,forward,0
24286,0,50,150,636628.76,636629.30,1789624314536.8,0,forward,0
24287,0,50,150,636778.76,636779.42,1789624314686.8,0,forward,0
24288,0,50,150,636928.76,636929.30,1789624314836.8,0,forward,0
24289,0,50,150,637078.76,637079.34,1789624314986.8,0,forward,0
24290,0,50,150,637228.76,637229.45,1789624315136.8,0,forward,0
24291,0,50,150,637378.76,637379.39,1789624315286.8,0,forward,0
24292,0,50,150,637528.76,637529.29,1789624315436.8,0,forward,0
24293,0,50,150,637678.76,637679.29,1789624315586.8,0,forward,0
24294,0,50,150,637828.76,637829.28,1789624315736.8,0,forward,0
24295,0,50,150,637978.76,637979.25,1789624315886.8,0,forward,0
24296,0,50,150,638128.76,638129.39,1789624316036.8,0,forward,0
24297,0,50,150,638278.77,638279.45,1789624316186.8,0,forward,0
24298,0,50,150,638428.76,638429.27,1789624316336.8,0,forward,0
24299,0,50,150,638578.77,638579.29,1789624316486.8,0,forward,0
24300,0,50,150,638579.32,638579.80,1789624316487.3,0,forward,0
24301,0,50,150,638729.32,638729.99,1789624316637.3,0,forward,0
24302,0,50,150,638879.32,638879.87,1789624316787.3,0,forward,0
24303,0,50,150,639029.33,639029.91,1789624316937.3,0,forward,0
24304,0,50,150,639179.32,639180.00,1789624317087.3,0,forward,0
24305,0,50,150,639329.32,639329.90,1789624317237.3,0,forward,0
24306,0,50,150,639479.32,639479.89,1789624317387.3,0,forward,0
24307,0,50,150,639629.32,639629.77,1789624317537.3,0,forward,0
24308,0,50,150,639779.32,639779.96,1789624317687.3,0,forward,0
24309,0,50,150,639929.32,639929.89,1789624317837.3,0,forward,0
24310,0,50,150,640079.32,640079.95,1789624317987.3,0,forward,0
24311,0,50,150,640229.32,640230.05,1789624318137.3,0,forward,0
24312,0,50,150,640379.32,640379.85,1789624318287.3,0,forward,0
24313,0,50,150,640529.32,640529.83,1789624318437.3,0,forward,0
24314,0,50,150,640679.32,640680.01,1789624318587.3,0,forward,0
24315,0,50,150,640829.32,640829.84,1789624318737.3,0,forward,0
24316,0,50,150,640979.32,640979.88,1789624318887.3,0,forward,0
24317,0,50,150,641129.32,641129.90,1789624319037.3,0,forward,0
24318,0,50,150,641279.32,641279.75,1789624319187.3,0,forward,0
24319,0,50,150,641429.32,641429.91,1789624319337.3,0,forward,0
24320,0,50,150,641579.40,641579.86,1789624319487.4,0,forward,0
24321,0,50,150,641729.32,641729.93,1789624319637.3,0,forward,0
24322,0,50,150,641879.32,641879.92,1789624319787.3,0,forward,0
24323,0,50,150,642029.32,642029.80,1789624319937.3,0,forward,0
24324,0,50,150,642179.32,642179.75,1789624320087.3,0,forward,0
24325,0,50,150,642329.32,642329.85,1789624320237.3,0,forward,0
24326,0,50,150,642479.32,642480.00,1789624320387.3,0,forward,0
24327,0,50,150,642629.32,642630.04,1789624320537.3,0,forward,0
24328,0,50,150,642779.32,642779.95,1789624320687.3,0,forward,0
24329,0,50,150,642929.32,642929.85,1789624320837.3,0,forward,0
24330,0,50,150,643079.32,643079.84,1789624320987.3,0,forward,0
24331,0,50,150,643229.32,643229.85,1789624321137.3,0,forward,0
24332,0,50,150,643379.33,643379.84,1789624321287.3,0,forward,0
24333,0,50,150,643529.32,643529.85,1789624321437.3,0,forward,0
24334,0,50,150,643679.32,643679.82,1789624321587.3,0,forward,0
24335,0,50,150,643829.32,643829.93,1789624321737.3,0,forward,0
24336,0,50,150,643979.32,643979.81,1789624321887.3,0,forward,0
24337,0,50,150,644129.32,644129.88,1789624322037.3,0,forward,0
24338,0,50,150,644279.32,644279.84,1789624322187.3,0,forward,0
24339,0,50,150,644429.32,644430.00,1789624322337.3,0,forward,0
24340,0,50,150,644579.32,644580.02,1789624322487.3,0,forward,0
24341,0,50,150,644729.32,644729.83,1789624322637.3,0,forward,0
24342,0,50,150,644879.32,644879.98,1789624322787.3,0,forward,0
24343,0,50,150,645029.32,645029.86,1789624322937.3,0,forward,0
24344,0,50,150,645179.32,645179.96,1789624323087.3,0,forward,0
24345,0,50,150,645329.32,645329.79,1789624323237.3,0,forward,0
24346,0,50,150,645479.32,645480.18,1789624323387.3,0,forward,0
24347,0,50,150,645629.32,645629.84,1789624323537.3,0,forward,0
24348,0,50,150,645779.32,645779.82,1789624323687.3,0,forward,0
24349,0,50,150,645930.38,645930.75,1789624323838.4,0,forward,0
24350,0,50,150,646079.32,646079.84,1789624323987.3,0,forward,0
24351,0,50,150,646229.32,646229.92,1789624324137.3,0,forward,0
24352,0,50,150,646379.32,646379.82,1789624324287.3,0,forward,0
24353,0,50,150,646530.16,646530.54,1789624324438.2,0,forward,0
24354,0,50,150,646679.32,646679.68,1789624324587.3,0,forward,0
24355,0,50,150,646830.15,646830.53,1789624324738.1,0,forward,0
24356,0,50,150,646979.32,646979.84,1789624324887.3,0,forward,0
24357,0,50,150,647129.32,647129.71,1789624325037.3,0,forward,0
24358,0,50,150,647279.32,647279.65,1789624325187.3,0,forward,0
24359,0,50,150,647429.32,647429.70,1789624325337.3,0,forward,0
24360,0,50,150,647580.15,647580.46,1789624325488.1,0,forward,0
24361,0,50,150,647729.32,647729.78,1789624325637.3,0,forward,0
24362,0,50,150,647879.32,647880.46,1789624325787.3,0,forward,0
24363,0,50,150,648029.32,648029.74,1789624325937.3,0,forward,0
24364,0,50,150,648179.32,648179.72,1789624326087.3,0,forward,0
24365,0,50,150,648329.32,648329.86,1789624326237.3,0,forward,0
24366,0,50,150,648479.32,648479.81,1789624326387.3,0,forward,0
24367,0,50,150,648629.32,648629.85,1789624326537.3,0,forward,0
24368,0,50,150,648779.32,648779.98,1789624326687.3,0,forward,0
24369,0,50,150,648929.32,648929.93,1789624326837.3,0,forward,0
24370,0,50,150,649079.32,649079.82,1789624326987.3,0,forward,0
24371,0,50,150,649229.32,649229.79,1789624327137.3,0,forward,0
24372,0,50,150,649379.32,649379.63,1789624327287.3,0,forward,0
24373,0,50,150,649529.32,649529.84,1789624327437.3,0,forward,0
24374,0,50,150,649680.15,649680.49,1789624327588.2,0,forward,0
24375,0,50,150,649829.32,649829.63,1789624327737.3,0,forward,0
24376,0,50,150,649979.32,649979.63,1789624327887.3,0,forward,0
24377,0,50,150,650129.32,650129.74,1789624328037.3,0,forward,0
24378,0,50,150,650279.32,650279.66,1789624328187.3,0,forward,0
24379,0,50,150,650429.32,650429.80,1789624328337.3,0,forward,0
24380,0,50,150,650579.32,650579.85,1789624328487.3,0,forward,0
24381,0,50,150,650729.32,650729.64,1789624328637.3,0,forward,0
24382,0,50,150,650879.32,650879.63,1789624328787.3,0,forward,0
24383,0,50,150,651029.32,651029.85,1789624328937.3,0,forward,0
24384,0,50,150,651179.32,651179.63,1789624329087.3,0,forward,0
24385,0,50,150,651329.32,651329.63,1789624329237.3,0,forward,0
24386,0,50,150,651479.32,651479.74,1789624329387.3,0,forward,0
24387,0,50,150,651629.32,651629.66,1789624329537.3,0,forward,0
24388,0,50,150,651779.32,651779.67,1789624329687.3,0,forward,0
24389,0,50,150,651929.32,651929.84,1789624329837.3,0,forward,0
24390,0,50,150,652079.32,652079.65,1789624329987.3,0,forward,0
24391,0,50,150,652229.32,652229.80,1789624330137.3,0,forward,0
24392,0,50,150,652379.32,652379.83,1789624330287.3,0,forward,0
24393,0,50,150,652529.32,652529.75,1789624330437.3,0,forward,0
24394,0,50,150,652679.32,652680.02,1789624330587.3,0,forward,0
24395,0,50,150,652829.32,652829.63,1789624330737.3,0,forward,0
24396,0,50,150,652982.66,652983.25,1789624330890.7,0,forward,0
24397,0,50,150,653129.32,653129.85,1789624331037.3,0,forward,0
24398,0,50,150,653279.32,653279.63,1789624331187.3,0,forward,0
24399,0,50,150,653429.32,653430.14,1789624331337.3,0,forward,0
24400,0,50,150,653430.17,653430.48,1789624331338.2,0,forward,0
24401,0,50,150,653580.17,653580.68,1789624331488.2,0,forward,0
24402,0,50,150,653730.18,653730.71,1789624331638.2,0,forward,0
24403,0,50,150,653880.18,653880.60,1789624331788.2,0,forward,0
24404,0,50,150,654030.18,654030.58,1789624331938.2,0,forward,0
24405,0,50,150,654180.18,654180.50,1789624332088.2,0,forward,0
24406,0,50,150,654330.18,654330.72,1789624332238.2,0,forward,0
24407,0,50,150,654480.18,654480.76,1789624332388.2,0,forward,0
24408,0,50,150,654630.18,654630.75,1789624332538.2,0,forward,0
24409,0,50,150,654780.18,654780.52,1789624332688.2,0,forward,0
24410,0,50,150,654930.18,654930.49,1789624332838.2,0,forward,0
24411,0,50,150,655080.18,655080.49,1789624332988.2,0,forward,0
24412,0,50,150,655230.18,655230.70,1789624333138.2,0,forward,0
24413,0,50,150,655380.18,655380.69,1789624333288.2,0,forward,0
24414,0,50,150,655530.18,655530.75,1789624333438.2,0,forward,0
24415,0,50,150,655680.18,655680.73,1789624333588.2,0,forward,0
24416,0,50,150,655830.18,655830.74,1789624333738.2,0,forward,0
24417,0,50,150,655980.18,655980.49,1789624333888.2,0,forward,0
24418,0,50,150,656130.18,656130.48,1789624334038.2,0,forward,0
24419,0,50,150,656280.18,656280.49,1789624334188.2,0,forward,0
24420,0,50,150,656430.18,656430.69,1789624334338.2,0,forward,0
24421,0,50,150,656580.18,656580.50,1789624334488.2,0,forward,0
24422,0,50,150,656730.18,656730.69,1789624334638.2,0,forward,0
24423,0,50,150,656880.18,656880.51,1789624334788.2,0,forward,0
24424,0,50,150,657030.18,657030.76,1789624334938.2,0,forward,0
24425,0,50,150,657180.18,657180.53,1789624335088.2,0,forward,0
24426,0,50,150,657330.18,657330.92,1789624335238.2,0,forward,0
24427,0,50,150,657480.18,657480.71,1789624335388.2,0,forward,0
24428,0,50,150,657630.18,657630.50,1789624335538.2,0,forward,0
24429,0,50,150,657780.18,657780.70,1789624335688.2,0,forward,0
24430,0,50,150,657930.18,657930.47,1789624335838.2,0,forward,0
24431,0,50,150,658080.18,658080.49,1789624335988.2,0,forward,0
24432,0,50,150,658230.25,658230.59,1789624336138.3,0,forward,0
24433,0,50,150,658380.18,658380.70,1789624336288.2,0,forward,0
24434,0,50,150,658530.18,658530.52,1789624336438.2,0,forward,0
24435,0,50,150,658680.18,658680.48,1789624336588.2,0,forward,0
24436,0,50,150,658830.18,658830.51,1789624336738.2,0,forward,0
24437,0,50,150,658980.18,658980.68,1789624336888.2,0,forward,0
24438,0,50,150,659130.18,659130.68,1789624337038.2,0,forward,0
24439,0,50,150,659281.58,659282.01,1789624337189.6,0,forward,0
24440,0,50,150,659430.18,659430.60,1789624337338.2,0,forward,0
24441,0,50,150,659580.18,659580.50,1789624337488.2,0,forward,0
24442,0,50,150,659730.29,659730.76,1789624337638.3,0,forward,0
24443,0,50,150,659880.18,659880.70,1789624337788.2,0,forward,0
24444,0,50,150,660030.18,660030.76,1789624337938.2,0,forward,0
24445,0,50,150,660180.18,660180.49,1789624338088.2,0,forward,0
24446,0,50,150,660330.18,660330.67,1789624338238.2,0,forward,0
24447,0,50,150,660480.18,660480.63,1789624338388.2,0,forward,0
24448,0,50,150,660630.18,660630.65,1789624338538.2,0,forward,0
24449,0,50,150,660780.18,660780.70,1789624338688.2,0,forward,0
24450,0,50,150,660930.18,660930.63,1789624338838.2,0,forward,0
24451,0,50,150,661080.18,661080.52,1789624338988.2,0,forward,0
24452,0,50,150,661230.18,661230.72,1789624339138.2,0,forward,0
24453,0,50,150,661380.18,661380.50,1789624339288.2,0,forward,0
24454,0,50,150,661530.18,661530.63,1789624339438.2,0,forward,0
24455,0,50,150,661680.18,661680.49,1789624339588.2,0,forward,0
24456,0,50,150,661830.18,661830.71,1789624339738.2,0,forward,0
24457,0,50,150,661980.18,661980.68,1789624339888.2,0,forward,0
24458,0,50,150,662130.18,662130.76,1789624340038.2,0,forward,0
24459,0,50,150,662280.18,662280.67,1789624340188.2,0,forward,0
24460,0,50,150,662430.18,662430.48,1789624340338.2,0,forward,0
24461,0,50,150,662580.18,662580.73,1789624340488.2,0,forward,0
24462,0,50,150,662731.09,662731.46,1789624340639.1,0,forward,0
24463,0,50,150,662880.18,662880.52,1789624340788.2,0,forward,0
24464,0,50,150,663030.18,663030.66,1789624340938.2,0,forward,0
24465,0,50,150,663180.18,663180.52,1789624341088.2,0,forward,0
24466,0,50,150,663330.18,663330.56,1789624341238.2,0,forward,0
24467,0,50,150,663480.35,663480.72,1789624341388.4,0,forward,0
24468,0,50,150,663630.18,663630.47,1789624341538.2,0,forward,0
24469,0,50,150,663780.18,663780.65,1789624341688.2,0,forward,0
24470,0,50,150,663930.18,663930.69,1789624341838.2,0,forward,0
24471,0,50,150,664080.18,664080.59,1789624341988.2,0,forward,0
24472,0,50,150,664230.18,664230.61,1789624342138.2,0,forward,0
24473,0,50,150,664381.23,664381.76,1789624342289.2,0,forward,0
24474,0,50,150,664530.18,664530.72,1789624342438.2,0,forward,0
24475,0,50,150,664680.17,664680.67,1789624342588.2,0,forward,0
24476,0,50,150,664830.18,664830.65,1789624342738.2,0,forward,0
24477,0,50,150,664980.18,664980.66,1789624342888.2,0,forward,0
24478,0,50,150,665130.18,665130.73,1789624343038.2,0,forward,0
24479,0,50,150,665280.18,665280.63,1789624343188.2,0,forward,0
24480,0,50,150,665430.18,665430.77,1789624343338.2,0,forward,0
24481,0,50,150,665580.18,665580.66,1789624343488.2,0,forward,0
24482,0,50,150,665730.18,665730.66,1789624343638.2,0,forward,0
24483,0,50,150,665880.17,665880.65,1789624343788.2,0,forward,0
24484,0,50,150,666030.18,666030.67,1789624343938.2,0,forward,0
24485,0,50,150,666180.18,666180.70,1789624344088.2,0,forward,0
24486,0,50,150,666330.18,666330.72,1789624344238.2,0,forward,0
24487,0,50,150,666481.14,666481.61,1789624344389.1,0,forward,0
24488,0,50,150,666630.18,666630.75,1789624344538.2,0,forward,0
24489,0,50,150,666780.18,666780.67,1789624344688.2,0,forward,0
24490,0,50,150,666930.32,666930.84,1789624344838.3,0,forward,0
24491,0,50,150,667080.18,667080.66,1789624344988.2,0,forward,0
24492,0,50,150,667230.18,667230.80,1789624345138.2,0,forward,0
24493,0,50,150,667380.18,667380.67,1789624345288.2,0,forward,0
24494,0,50,150,667530.18,667530.74,1789624345438.2,0,forward,0
24495,0,50,150,667680.18,667680.69,1789624345588.2,0,forward,0
24496,0,50,150,667830.20,667830.89,1789624345738.2,0,forward,0
24497,0,50,150,667980.18,667980.85,1789624345888.2,0,forward,0
24498,0,50,150,668130.18,668130.65,1789624346038.2,0,forward,0
